Date,Time,Temperature (Avg),Wind Direction (Avg),Wind Speed (Avg),Relative Humidity (Avg),Barometric Pressure (Avg),Precipitation (Sum),Rain Duration (Sum),Daily ETO,Pyranometer 0 - 2000 W/M2 (Avg)
08/11/2020,23:00:00,15.1,117.8,2.3,81.2,984.0,3.1,262.6,0.77,30.6
09/11/2020,23:00:00,15.0,210.2,2.4,90.7,982.1,7.4,385.1,0.3,26.6
10/11/2020,23:00:00,15.6,115.2,4.2,92.4,981.1,35.5,707.4,0.36,11.1
11/11/2020,23:00:00,14.9,114.9,3.7,93.4,984.1,59.4,577.1,0.22,11.7
12/11/2020,23:00:00,15.1,239,7.8,82.1,986.6,2.5,23.4,1.26,60.6
13/11/2020,23:00:00,15.0,297.3,5.2,82.6,986.8,0.0,0.0,1.51,102.0
14/11/2020,23:00:00,14.8,214.1,6.4,83.9,986.0,1.0,57.5,1.55,127.4
15/11/2020,23:00:00,14.4,208.3,7.5,72.7,985.8,0.0,2.5,1.86,126.3
16/11/2020,23:00:00,14.3,264.4,3.5,72.0,984.7,0.0,0.0,1.8,131.1
17/11/2020,23:00:00,15.3,288.1,3.5,83.4,985.4,0.0,0.0,1.59,122.1
18/11/2020,23:00:00,14.8,214.2,9.1,80.6,985.8,0.2,28.8,1.51,75.3
19/11/2020,23:00:00,13.2,252.8,6.7,81.4,980.9,1.7,202.6,1.3,30.2
20/11/2020,23:00:00,11.5,100.1,4.4,84.7,976.5,7.7,468.9,0.67,19.1
21/11/2020,23:00:00,12.6,197.3,2.2,80.3,981.8,0.9,77.2,0.72,42.4
22/11/2020,23:00:00,12.9,179,1.5,81.5,987.6,0.0,2.5,0.51,32.4
23/11/2020,23:00:00,13.1,154.2,2,80.8,987.2,0.0,0.0,0.55,28.1
24/11/2020,23:00:00,12.9,177.5,1.7,85.4,982.5,2.3,201.4,0.31,19.0
25/11/2020,23:00:00,12.3,259.7,7.6,77.4,981.1,0.3,37.4,1.46,27.5
26/11/2020,23:00:00,12.3,216.5,4.9,77.9,982.1,0.0,1.2,1.04,29.5
27/11/2020,23:00:00,12.4,197.4,2.2,81.1,983.0,0.0,0.0,0.57,25.0
28/11/2020,23:00:00,12.6,245.2,4.2,78.1,983.2,0.0,0.0,1.47,121.7
29/11/2020,23:00:00,13.4,231.5,2.4,76.3,979.3,4.8,201.4,0.78,39.6
30/11/2020,23:00:00,13.0,116.9,2.7,84.9,975.7,6.7,181.2,0.62,25.9
01/12/2020,23:00:00,12.5,46.3,2.4,93.0,978.5,16.8,323.9,0.15,10.3
02/12/2020,23:00:00,12.6,84.4,3.4,88.8,981.1,1.1,71.1,0.84,64.1
03/12/2020,23:00:00,12.4,217.1,3.8,87.8,979.4,1.4,88.8,0.81,74.3
04/12/2020,23:00:00,14.2,182.4,3.5,81.9,975.2,6.6,291.4,1.09,76.4
05/12/2020,23:00:00,13.7,222.4,6.2,84.4,978.0,0.3,12.3,1.05,91.4
06/12/2020,23:00:00,14.2,253.6,3.7,74.7,976.6,0.0,0.0,1.53,117.3
07/12/2020,23:00:00,14.2,254.8,3.5,74.3,976.6,0.0,0.0,0.06,118.3
08/12/2020,23:00:00,13.5,178.8,4.6,77.0,979.6,0.9,91.2,1.33,101.0
09/12/2020,23:00:00,15.0,132,9.4,66.8,980.1,0.0,3.7,2.39,75.2
10/12/2020,23:00:00,13.8,136.7,11.5,72.8,975.3,19.8,546.6,2.63,32.8
11/12/2020,23:00:00,12.7,161,5.6,81.1,973.8,9.9,369.6,1.17,61.8
12/12/2020,23:00:00,13.6,177.3,3.9,85.7,967.0,16.1,591.2,0.9,55.4
13/12/2020,23:00:00,14.2,164.4,5.4,84.1,962.7,18.1,457.1,1.06,62.5
14/12/2020,23:00:00,12.2,122,1.7,94.0,964.4,16.9,566.1,0.37,27.7
15/12/2020,23:00:00,12.1,81.7,3.3,92.3,977.2,3.9,339.9,0.22,10.5
16/12/2020,23:00:00,12.2,96.7,2.5,87.3,984.4,0.7,99.8,0.62,38.6
17/12/2020,23:00:00,12.5,196.1,1,80.9,986.6,0.0,3.7,0.73,45.5
18/12/2020,23:00:00,13.0,185.8,3.2,78.9,987.6,0.0,0.0,0.77,68.7
19/12/2020,23:00:00,12.7,163.1,2.2,81.2,988.0,0.0,0.0,0.92,63.9
20/12/2020,23:00:00,12.5,168.4,4.2,79.1,987.2,0.0,0.0,1.13,81.1
21/12/2020,23:00:00,12.0,124.3,0.8,84.7,986.9,0.4,57.5,0.49,38.7
22/12/2020,23:00:00,11.8,217.3,2.4,76.4,987.3,0.0,2.5,0.9,74.3
23/12/2020,23:00:00,12.0,249.6,6.3,77.9,986.9,0.0,0.0,1.2,105.0
24/12/2020,23:00:00,13.3,240.3,3.3,74.3,984.7,0.0,0.0,1.48,107.2
25/12/2020,23:00:00,15.2,202.4,3.7,76.6,982.7,0.0,0.0,1.16,60.7
26/12/2020,23:00:00,15.5,171.4,4.9,73.0,981.7,0.0,0.0,2.06,107.0
27/12/2020,23:00:00,14.9,130.6,6.7,69.3,978.3,7.7,86.3,2.16,62.0
28/12/2020,23:00:00,12.9,196.5,2.3,75.6,978.6,3.5,148.5,1.4,78.3
29/12/2020,23:00:00,13.8,152.7,5.1,70.6,980.7,0.1,6.2,1.62,54.5
30/12/2020,23:00:00,14.1,188.9,5.1,64.9,981.1,0.0,0.0,1.65,68.0
31/12/2020,23:00:00,14.6,123.1,11.4,59.2,978.7,0.0,0.0,3.57,114.2
01/01/2021,23:00:00,13.3,151.2,7.9,73.3,979.7,0.2,28.8,2.24,62.9
02/01/2021,23:00:00,14.0,214.4,5.2,67.1,981.7,0.0,1.2,1.74,91.3
03/01/2021,23:00:00,14.9,200.9,3,69.8,982.1,0.0,0.0,1.69,108.7
04/01/2021,23:00:00,15.4,181.7,9.6,69.3,976.2,4.6,143.9,2.82,95.2
05/01/2021,23:00:00,12.2,243.5,5.3,70.6,981.0,0.2,6.1,1.81,131.0
06/01/2021,23:00:00,12.1,246.2,5.1,70.6,981.2,0.0,0.0,0.07,132.6
07/01/2021,23:00:00,12.7,246.5,6,79.7,983.2,0.0,0.0,1.27,97.1
08/01/2021,23:00:00,16.1,198.1,4.3,60.0,980.2,0.0,0.0,3.16,121.0
09/01/2021,23:00:00,20.1,141.7,8.9,50.9,978.4,0.0,0.0,4.23,83.5
10/01/2021,23:00:00,22.9,174.1,2.3,40.2,981.1,0.0,0.0,2.98,91.3
11/01/2021,23:00:00,23.5,129.4,5,37.1,979.3,0.0,0.0,5.58,112.9
12/01/2021,23:00:00,18.9,109.4,11.7,55.9,972.9,0.2,28.8,4.98,57.7
13/01/2021,23:00:00,12.0,208.9,3.4,75.7,972.7,3.5,174.8,1.3,88.2
14/01/2021,23:00:00,10.2,212,3.1,71.7,974.3,5.7,266.4,1.62,123.0
15/01/2021,23:00:00,10.8,146.1,1.4,90.8,973.6,11.2,356.3,0.48,30.8
16/01/2021,23:00:00,9.3,177,1.6,96.3,970.0,16.6,705.2,0.33,26.1
17/01/2021,23:00:00,6.8,156.6,1.9,80.4,975.4,2.0,173.4,0.94,90.9
18/01/2021,23:00:00,5.7,162.4,2.3,91.6,977.5,27.1,840.5,0.19,23.2
19/01/2021,23:00:00,5.7,200.5,1.2,83.1,984.3,4.6,180.5,0.77,83.1
20/01/2021,23:00:00,8.3,245.6,3.4,68.4,990.2,0.1,6.2,1.58,136.2
21/01/2021,23:00:00,11.2,210,2.7,67.7,991.3,0.0,0.0,1.57,86.4
22/01/2021,23:00:00,11.7,189.4,3.8,73.1,988.2,0.0,0.0,1.29,71.4
23/01/2021,23:00:00,11.5,162.5,5,66.5,981.8,0.0,0.0,1.71,57.9
24/01/2021,23:00:00,13.6,116.1,11.8,67.7,977.5,3.6,86.3,3.08,121.7
25/01/2021,23:00:00,14.1,149.1,7.1,71.1,976.0,0.7,32.5,2.42,104.1
26/01/2021,23:00:00,14.2,128.1,11.4,67.9,972.5,8.7,116.3,3.18,127.1
27/01/2021,23:00:00,8.2,196.9,1.6,75.5,971.9,9.2,293.6,0.71,58.1
28/01/2021,23:00:00,6.9,189.1,1.7,75.1,976.6,2.7,271.3,0.9,60.2
29/01/2021,23:00:00,10.9,190.4,3.6,72.5,978.2,0.1,11.1,1.33,102.1
30/01/2021,23:00:00,14.7,179.5,3.6,74.2,971.6,0.0,0.0,1.6,92.9
31/01/2021,23:00:00,16.2,143.6,9.4,51.1,972.3,0.0,0.0,5.01,144.8
01/02/2021,23:00:00,16.2,124.1,16,61.0,971.4,0.0,0.0,4.54,76.4
02/02/2021,23:00:00,13.1,221.3,5.6,78.2,976.1,0.0,0.0,1.48,95.2
03/02/2021,23:00:00,12.0,211.4,7.1,79.5,979.5,0.0,0.0,1.5,136.6
04/02/2021,23:00:00,12.9,226.3,3.8,78.4,981.9,0.0,0.0,1.55,125.3
05/02/2021,23:00:00,13.0,227,3.6,78.3,982.0,0.0,0.0,0.06,124.8
06/02/2021,23:00:00,17.7,92.5,11.8,42.1,982.8,0.0,0.0,6.16,154.2
07/02/2021,23:00:00,18.3,110.7,8.6,34.4,979.9,0.0,0.0,6.22,114.9
08/02/2021,23:00:00,17.4,139.9,10.2,52.7,974.5,0.0,0.0,4.57,80.1
09/02/2021,23:00:00,14.9,145.9,9.3,66.4,980.1,0.0,0.0,3.01,143.6
10/02/2021,23:00:00,15.9,135.6,8.4,51.6,980.9,0.0,0.0,4.78,162.8
11/02/2021,23:00:00,16.7,126.7,11.6,47.3,977.3,0.0,0.0,6.1,150.5
12/02/2021,23:00:00,13.2,209.7,6,71.8,980.9,0.0,0.0,2.27,161.6
13/02/2021,23:00:00,13.2,185.4,3.5,66.9,981.0,0.0,0.0,2.58,155.2
14/02/2021,23:00:00,12.5,138.9,5.4,78.2,977.3,15.9,489.1,1.99,143.9
15/02/2021,23:00:00,4.5,149.6,3.9,95.6,980.2,54.3,1287.8,0.2,20.5
16/02/2021,23:00:00,2.7,42.7,3,84.3,981.6,6.5,314.0,0.4,28.1
17/02/2021,23:00:00,4.5,65.4,1.8,75.1,983.8,0.4,39.9,0.79,63.8
18/02/2021,23:00:00,9.0,211.5,2.5,76.6,983.6,0.0,1.2,1.02,71.3
19/02/2021,23:00:00,9.5,236,7,68.7,988.3,0.0,0.0,1.96,158.0
20/02/2021,23:00:00,10.9,242,4.5,68.8,988.3,0.0,0.0,2.09,164.7
21/02/2021,23:00:00,10.0,114.5,1.6,84.3,987.2,6.3,316.5,0.89,58.4
22/02/2021,23:00:00,10.0,137.5,2.3,80.6,990.5,0.3,13.5,0.89,64.7
23/02/2021,23:00:00,10.5,216,7.1,75.2,991.4,0.0,0.0,1.67,179.3
24/02/2021,23:00:00,12.9,250.6,7.3,61.6,991.3,0.0,0.0,2.44,185.1
25/02/2021,23:00:00,11.3,122.8,2.4,79.3,990.3,0.0,0.0,0.77,41.6
26/02/2021,23:00:00,11.7,185.2,4.4,81.3,987.7,0.0,0.0,1.14,110.6
27/02/2021,23:00:00,12.1,225.9,5.8,73.4,983.2,0.0,0.0,2.09,177.7
28/02/2021,23:00:00,12.5,182.7,6.9,81.7,984.4,0.0,0.0,1.51,143.9
01/03/2021,23:00:00,10.6,210,5.3,65.5,987.3,0.0,0.0,2.03,187.5
02/03/2021,23:00:00,9.4,246.2,2.1,67.6,989.4,0.2,28.8,1.13,68.8
03/03/2021,23:00:00,9.8,204,4.4,67.7,988.7,0.0,1.2,1.34,53.1
04/03/2021,23:00:00,11.3,249.1,7.2,69.9,986.5,0.0,0.0,2.02,193.6
05/03/2021,23:00:00,13.3,153.9,6.7,48.9,983.5,0.0,0.0,4.16,200.5
06/03/2021,23:00:00,15.4,138.4,7.3,51.1,983.6,0.0,0.0,4.57,190.4
07/03/2021,23:00:00,15.5,137.9,7.4,51.3,983.6,0.0,0.0,0.19,190.0
08/03/2021,23:00:00,11.1,171.2,2.6,86.0,980.1,0.2,28.8,0.94,77.4
09/03/2021,23:00:00,12.8,190.3,6.4,83.6,974.4,0.0,1.2,1.4,103.2
10/03/2021,23:00:00,13.4,154.6,3.9,89.6,974.6,0.0,0.0,1.08,76.0
11/03/2021,23:00:00,11.3,164.6,4.5,81.1,977.4,3.8,230.2,1.28,91.6
12/03/2021,23:00:00,10.4,205.6,6.3,69.5,983.5,0.2,9.8,2.11,201.9
13/03/2021,23:00:00,12.9,228.9,5.3,76.0,981.4,0.0,0.0,2.03,176.4
14/03/2021,23:00:00,13.0,190.3,4,82.8,977.8,2.1,230.2,1.21,86.8
15/03/2021,23:00:00,12.4,182.7,3.6,73.2,972.0,2.8,182.5,1.75,131.0
16/03/2021,23:00:00,10.7,181.2,3.6,73.1,971.9,3.6,237.5,1.76,149.8
17/03/2021,23:00:00,9.4,179.2,1.9,79.0,973.7,5.0,269.7,1.27,112.2
18/03/2021,23:00:00,10.1,220.1,4,69.6,978.1,0.4,39.9,1.67,133.7
19/03/2021,23:00:00,13.1,124,10.3,67.2,976.7,1.5,145.1,3.37,196.5
20/03/2021,23:00:00,14.2,216.2,4.1,79.5,974.1,0.3,34.9,2.77,218.8
21/03/2021,23:00:00,15.5,214.1,5,64.8,968.1,0.0,1.2,3.14,196.1
22/03/2021,23:00:00,15.5,155.1,4.5,67.8,966.7,0.0,0.0,3.04,183.1
23/03/2021,23:00:00,10.5,190.1,3.8,83.0,967.6,29.3,546.6,1.65,126.2
24/03/2021,23:00:00,7.5,130.3,3.7,88.0,974.4,22.6,513.4,1.22,114.4
25/03/2021,23:00:00,5.6,166.7,1.4,84.5,980.3,7.8,337.4,1.01,83.5
26/03/2021,23:00:00,7.3,225.7,5.5,66.8,987.2,0.7,71.1,2.27,228.1
27/03/2021,23:00:00,9.4,228.7,3.5,74.2,990.5,0.0,2.5,1.78,131.6
28/03/2021,23:00:00,11.7,237.4,5.7,71.2,991.6,0.0,0.0,2.97,247.2
29/03/2021,23:00:00,12.6,233.8,8.1,70.8,989.9,0.0,0.0,2.87,240.4
30/03/2021,23:00:00,11.9,215.1,10.1,69.6,986.3,0.0,0.0,2.8,159.6
31/03/2021,23:00:00,8.5,141.6,3,82.5,981.3,20.7,604.2,1.28,88.3
01/04/2021,23:00:00,9.2,139.3,3,77.8,979.9,4.7,256.9,1.43,113.4
02/04/2021,23:00:00,12.1,227.7,5.5,68.3,981.3,0.2,9.9,2.98,227.1
03/04/2021,23:00:00,15.5,146.6,8,58.7,979.6,0.0,0.0,5.08,240.4
04/04/2021,23:00:00,21.5,109,10.2,32.5,975.2,0.0,0.0,8.75,152.9
05/04/2021,23:00:00,21.5,153.1,5.5,34.9,974.2,0.0,0.0,5.36,96.6
06/04/2021,23:00:00,21.5,155.1,5.3,35.1,974.2,0.0,0.0,0.21,94.3
07/04/2021,23:00:00,15.4,200,4.3,62.3,975.8,0.0,1.2,3.93,257.3
08/04/2021,23:00:00,14.3,181,3.8,67.5,979.6,0.2,28.8,3.25,196.9
09/04/2021,23:00:00,9.7,189.1,5.2,60.7,986.6,0.2,30.0,2.15,173.3
10/04/2021,23:00:00,9.6,195.4,6.9,55.1,987.6,0.0,1.2,2.82,257.1
11/04/2021,23:00:00,10.9,235.8,8.5,60.8,986.2,0.0,0.0,2.98,259.4
12/04/2021,23:00:00,12.9,238,7.3,55.5,985.4,0.0,0.0,3.34,259.1
13/04/2021,23:00:00,15.3,214.3,6,47.8,982.3,0.0,0.0,5.09,253.4
14/04/2021,23:00:00,16.1,233.9,5.2,51.7,979.5,0.0,0.0,4.9,246.9
15/04/2021,23:00:00,14.7,247.5,6.9,69.1,978.5,0.0,0.0,2.88,231.2
16/04/2021,23:00:00,14.7,217,7.6,69.5,976.6,0.0,0.0,2.51,212.8
17/04/2021,23:00:00,18.2,158.9,5.3,78.7,972.2,0.0,0.0,1.53,89.8
18/04/2021,23:00:00,22.3,191.2,4.6,57.2,976.1,0.0,0.0,3.12,152.7
19/04/2021,23:00:00,15.0,205.1,6.1,78.3,978.0,1.5,115.1,2.12,144.4
20/04/2021,23:00:00,13.6,219.2,5.7,71.6,979.8,0.3,33.7,2.74,237.5
21/04/2021,23:00:00,13.3,225.3,7.9,72.0,982.7,0.0,1.2,2.82,210.2
22/04/2021,23:00:00,14.9,223.7,3.7,67.3,984.6,0.0,0.0,3.8,266.2
23/04/2021,23:00:00,16.2,156.6,2.9,61.8,982.3,0.0,0.0,3.9,255.0
24/04/2021,23:00:00,15.1,159.1,5.5,85.9,977.5,0.0,0.0,1.21,84.8
25/04/2021,23:00:00,13.6,145.2,4.9,88.1,976.3,0.0,0.0,1.04,78.5
26/04/2021,23:00:00,14.8,225,7.5,58.7,979.5,0.0,0.0,3.79,267.5
27/04/2021,23:00:00,16.9,170.7,2.9,47.7,977.3,0.0,0.0,4.4,241.8
28/04/2021,23:00:00,25.8,178.4,2.4,30.8,975.3,0.0,0.0,4.86,149.8
29/04/2021,23:00:00,28.2,170.2,2,21.1,976.4,0.0,0.0,4.64,105.9
30/04/2021,23:00:00,25.5,154.2,3.3,37.8,979.1,0.0,0.0,5.66,262.8
01/05/2021,23:00:00,26.2,104.1,1.5,37.0,979.2,0.0,0.0,4.64,244.1
02/05/2021,23:00:00,31.1,186.4,0.8,23.7,978.4,0.0,0.0,4.62,227.1
03/05/2021,23:00:00,30.1,173.3,4,25.8,977.4,0.0,0.0,6.92,263.6
04/05/2021,23:00:00,23.8,155.4,4.8,44.2,976.6,0.0,0.0,5.64,264.6
05/05/2021,23:00:00,22.4,171.6,5.3,42.4,976.5,0.0,0.0,6.85,272.7
06/05/2021,23:00:00,22.4,172.3,5.4,42.3,976.5,0.0,0.0,0.28,273.1
07/05/2021,23:00:00,21.4,165.3,6.4,53.8,976.8,0.0,0.0,5.28,250.6
08/05/2021,23:00:00,21.3,143.2,3.5,65.2,973.7,0.0,0.0,4.7,261.2
09/05/2021,23:00:00,19.0,206.2,10.2,67.1,980.2,0.0,0.0,4.13,281.0
10/05/2021,23:00:00,16.6,223.7,11.6,55.7,981.0,0.0,0.0,4.84,288.4
11/05/2021,23:00:00,16.7,230.7,11.6,52.4,977.7,0.0,0.0,5.34,290.6
12/05/2021,23:00:00,19.6,186.6,4.7,42.9,974.8,0.0,0.0,5.48,268.5
13/05/2021,23:00:00,19.2,247,6.3,52.8,974.7,0.0,0.0,5.37,285.9
14/05/2021,23:00:00,19.2,227.4,5.4,46.9,978.0,0.0,0.0,5.78,294.9
15/05/2021,23:00:00,20.0,181.2,6.4,46.4,976.1,0.0,0.0,5.87,262.2
16/05/2021,23:00:00,17.8,216.4,6.2,71.5,974.8,0.0,0.0,3.45,248.7
17/05/2021,23:00:00,20.0,192.6,2.9,55.9,976.1,0.0,0.0,4.99,284.5
18/05/2021,23:00:00,24.1,146.1,3.4,39.2,976.7,0.0,0.0,6.7,287.4
19/05/2021,23:00:00,22.3,120,3.9,37.4,976.7,0.0,0.0,6.64,295.0
20/05/2021,23:00:00,22.3,163.3,5.9,39.8,975.6,0.0,0.0,7.27,293.1
21/05/2021,23:00:00,17.8,224.4,10.4,60.6,978.5,0.0,0.0,4.95,297.8
22/05/2021,23:00:00,18.8,260.3,9,48.4,982.5,0.0,0.0,6.13,299.9
23/05/2021,23:00:00,20.4,200.3,4.3,46.9,981.3,0.0,0.0,5.81,300.4
24/05/2021,23:00:00,23.5,146.6,6.2,40.9,981.3,0.0,0.0,7.59,295.1
25/05/2021,23:00:00,24.2,98.4,2.7,44.6,979.8,0.0,0.0,5.81,288.6
26/05/2021,23:00:00,25.5,95,1.9,41.5,977.0,0.0,0.0,5.77,285.8
27/05/2021,23:00:00,23.2,195.1,2.2,42.4,975.3,0.0,0.0,5.51,301.5
28/05/2021,23:00:00,22.1,219.6,3.2,51.3,975.9,0.0,0.0,5.48,285.1
29/05/2021,23:00:00,20.6,221.6,7.8,66.3,977.1,0.0,0.0,4.26,283.5
30/05/2021,23:00:00,19.3,153.1,2.9,79.1,976.5,0.6,86.3,2.76,161.5
31/05/2021,23:00:00,21.3,222.6,4.8,53.4,976.3,0.0,3.7,6.03,288.9
01/06/2021,23:00:00,18.9,236.9,7.7,62.4,976.6,0.0,0.0,4.52,268.2
02/06/2021,23:00:00,18.0,233.8,11.4,73.3,980.6,0.0,0.0,3.34,193.2
03/06/2021,23:00:00,18.9,260.1,6,57.5,983.1,0.0,0.0,5.04,292.3
04/06/2021,23:00:00,20.0,254.5,5.8,52.6,984.3,0.0,0.0,5.57,296.3
05/06/2021,23:00:00,20.0,254.3,5.8,52.5,984.3,0.0,0.0,0.23,296.3
06/06/2021,23:00:00,21.8,141.5,3,54.7,981.4,0.0,0.0,5.16,279.7
07/06/2021,23:00:00,24.8,104.5,1.4,42.5,980.2,0.0,0.0,5.28,284.2
08/06/2021,23:00:00,25.5,141.7,1.3,42.1,976.8,0.0,0.0,5.23,289.2
09/06/2021,23:00:00,20.9,166.6,4.6,78.7,975.2,0.0,0.0,4.11,254.8
10/06/2021,23:00:00,20.9,133.4,3.9,76.4,975.1,0.0,0.0,4.46,287.4
11/06/2021,23:00:00,21.5,116.1,3.3,69.2,976.0,0.0,0.0,5.04,295.5
12/06/2021,23:00:00,22.0,131,3.1,64.4,977.7,0.0,0.0,5.23,297.0
13/06/2021,23:00:00,21.4,126.5,3.5,72.8,977.7,0.0,0.0,4.7,290.3
14/06/2021,23:00:00,20.9,183.1,4.1,78.0,975.5,0.0,0.0,4.3,252.2
15/06/2021,23:00:00,18.2,213.4,5.1,80.8,976.3,0.6,28.8,2.78,216.2
16/06/2021,23:00:00,19.3,174.8,4,68.3,978.3,0.0,1.2,4.84,289.1
17/06/2021,23:00:00,21.0,128.6,3.3,56.0,980.8,0.0,0.0,5.36,297.9
18/06/2021,23:00:00,21.3,140.6,3.5,65.3,979.4,0.0,0.0,5.02,298.4
19/06/2021,23:00:00,23.8,112.9,3.3,58.9,976.4,0.0,0.0,5.5,292.2
20/06/2021,23:00:00,25.4,105.9,4,54.3,974.8,0.0,0.0,6.05,289.9
21/06/2021,23:00:00,25.9,87,2.7,58.0,975.6,0.0,0.0,5.42,284.8
22/06/2021,23:00:00,28.6,75.7,1.5,46.2,977.1,0.0,0.0,5.39,260.4
23/06/2021,23:00:00,30.5,120.4,1.5,39.2,978.2,0.0,0.0,5.94,273.8
24/06/2021,23:00:00,29.2,102,2.2,47.6,979.2,0.0,0.0,6.11,286.7
25/06/2021,23:00:00,29.2,51.1,2,49.4,978.0,0.0,0.0,5.94,280.2
26/06/2021,23:00:00,31.3,90.5,1.8,41.7,976.1,0.0,0.0,6.36,278.3
27/06/2021,23:00:00,30.0,128.5,1.8,46.7,975.6,0.0,0.0,5.8,283.7
28/06/2021,23:00:00,28.0,84.5,3.6,54.2,978.0,0.0,0.0,6.63,288.6
29/06/2021,23:00:00,28.2,103.8,8.8,48.7,978.3,0.0,0.0,8.21,289.5
30/06/2021,23:00:00,29.0,92.1,2.2,43.7,977.2,0.0,0.0,6.32,287.6
01/07/2021,23:00:00,33.3,129.5,1.3,28.7,976.2,0.0,0.0,6.38,271.0
02/07/2021,23:00:00,30.7,84.6,2.8,34.1,973.9,0.0,0.0,6.93,297.5
03/07/2021,23:00:00,26.3,139.7,8.7,59.4,974.2,0.0,0.0,7.06,296.3
04/07/2021,23:00:00,25.4,123.8,4.5,60.7,975.2,0.0,0.0,5.91,294.9
05/07/2021,23:00:00,25.3,123.1,4.3,60.8,975.2,0.0,0.0,0.24,294.8
06/07/2021,23:00:00,25.6,136.2,9.2,64.4,972.6,0.0,0.0,6.9,283.0
07/07/2021,23:00:00,26.5,180,11.8,58.6,976.1,0.0,0.0,7.56,285.7
08/07/2021,23:00:00,26.0,173.9,15.6,71.6,978.1,0.0,0.0,6.93,295.2
09/07/2021,23:00:00,24.9,287.2,16.9,71.7,978.0,0.0,0.0,5.88,200.9
10/07/2021,23:00:00,25.2,222,13,55.8,975.2,0.0,0.0,7.48,289.4
11/07/2021,23:00:00,25.9,151.2,4.6,49.3,974.2,0.0,0.0,6.83,288.3
12/07/2021,23:00:00,26.6,96.6,3.5,46.6,975.3,0.0,0.0,6.7,289.1
13/07/2021,23:00:00,27.0,61.9,2.6,43.8,975.4,0.0,0.0,6.36,287.5
14/07/2021,23:00:00,27.4,78.5,4,47.1,975.1,0.0,0.0,6.87,288.8
15/07/2021,23:00:00,27.4,117.6,7.2,52.1,974.1,0.0,0.0,7.31,287.0
16/07/2021,23:00:00,28.2,89,4.8,48.4,971.9,0.0,0.0,6.63,285.5
17/07/2021,23:00:00,26.4,114.8,4.5,54.6,969.8,0.0,0.0,6.31,292.0
18/07/2021,23:00:00,25.5,150.2,4.8,61.3,968.1,0.0,0.0,6.35,289.9
19/07/2021,23:00:00,26.2,182.2,3.2,60.6,971.2,0.0,0.0,5.8,288.0
20/07/2021,23:00:00,26.3,151.5,5.9,63.1,973.8,0.0,0.0,6.56,284.4
21/07/2021,23:00:00,26.0,126.8,7.9,70.8,975.1,0.0,0.0,5.83,278.7
22/07/2021,23:00:00,26.2,126.6,8.9,64.8,975.5,0.0,0.0,6.46,264.9
23/07/2021,23:00:00,24.5,283.5,13.2,61.4,975.5,0.0,0.0,7.07,241.9
24/07/2021,23:00:00,24.1,241.9,13.4,62.2,975.3,0.0,0.0,7.19,276.3
25/07/2021,23:00:00,24.0,288,11.9,59.8,976.3,0.0,0.0,6.47,258.1
26/07/2021,23:00:00,24.2,228.2,12.2,63.5,978.5,0.0,0.0,6.53,251.8
27/07/2021,23:00:00,25.7,156.9,11.1,59.2,979.0,0.0,0.0,7.24,277.3
28/07/2021,23:00:00,26.6,127.2,9.8,55.8,976.6,0.0,0.0,7.31,277.1
29/07/2021,23:00:00,29.1,44.4,2.7,41.8,975.2,0.0,0.0,6.6,280.3
30/07/2021,23:00:00,30.2,51,2.7,41.6,973.9,0.0,0.0,6.93,277.0
31/07/2021,23:00:00,32.6,131.8,1.7,31.8,972.4,0.0,0.0,6.49,269.2
01/08/2021,23:00:00,31.3,121.6,1.7,35.7,973.4,0.0,0.0,6.02,272.5
02/08/2021,23:00:00,31.5,85.4,2,33.4,974.7,0.0,0.0,6.49,270.0
03/08/2021,23:00:00,34.0,61.4,2.2,27.0,975.8,0.0,0.0,7.29,267.6
04/08/2021,23:00:00,34.2,60.5,2.2,26.7,975.8,0.0,0.0,0.3,267.5
05/08/2021,23:00:00,33.6,117.5,1.5,24.3,975.2,0.0,0.0,6.31,262.0
06/08/2021,23:00:00,31.6,108,4.5,37.1,971.1,0.0,0.0,6.39,264.6
07/08/2021,23:00:00,27.0,140.6,9.8,61.9,972.6,0.0,0.0,6.68,253.4
08/08/2021,23:00:00,26.8,136.8,7.2,48.3,977.6,0.0,0.0,7.12,278.1
09/08/2021,23:00:00,27.7,86,6.9,45.7,979.7,0.0,0.0,7.31,274.0
10/08/2021,23:00:00,29.4,37.9,2.2,39.2,978.8,0.0,0.0,6.24,264.6
11/08/2021,23:00:00,30.8,51.2,1.9,35.3,976.6,0.0,0.0,6.06,245.4
12/08/2021,23:00:00,27.5,138.2,10.3,60.3,977.0,0.0,0.0,6.85,251.7
13/08/2021,23:00:00,26.6,241.4,13.1,55.9,979.5,0.0,0.0,7.47,266.1
14/08/2021,23:00:00,25.2,286.9,16.2,60.0,979.7,0.0,0.0,7.87,257.5
15/08/2021,23:00:00,24.0,257.5,15.8,63.0,977.7,0.0,0.0,6.49,224.2
16/08/2021,23:00:00,24.1,156.8,4,55.4,977.2,0.0,0.0,5.65,269.4
17/08/2021,23:00:00,25.9,131.4,7.8,62.7,975.8,0.0,0.0,6.23,250.1
18/08/2021,23:00:00,27.9,142.2,8,57.0,973.2,0.0,0.0,6.43,251.9
19/08/2021,23:00:00,26.3,142.5,10.2,68.8,972.5,0.0,0.0,5.64,247.6
20/08/2021,23:00:00,25.4,191.9,15.8,72.9,975.2,0.0,0.0,6.16,248.3
21/08/2021,23:00:00,25.7,152.4,5.8,49.5,976.9,0.0,0.0,6.62,256.3
22/08/2021,23:00:00,25.3,265.5,6.9,54.1,977.4,0.0,0.0,5.99,236.7
23/08/2021,23:00:00,24.4,272.7,13.6,64.8,976.3,0.0,0.0,6.79,219.7
24/08/2021,23:00:00,24.0,173.1,6.2,65.3,975.5,0.0,0.0,4.17,180.2
25/08/2021,23:00:00,25.0,102.5,2.3,46.6,975.8,0.0,0.0,5.23,256.3
26/08/2021,23:00:00,27.4,96.5,1.9,47.9,975.8,0.0,0.0,5.25,246.5
27/08/2021,23:00:00,28.4,115.8,7.4,49.6,975.6,0.0,0.0,6.25,237.9
28/08/2021,23:00:00,26.9,153.8,12.1,58.2,973.9,0.0,0.0,7.33,250.3
29/08/2021,23:00:00,25.9,175.3,11.8,68.9,972.3,0.0,0.0,6.22,216.9
30/08/2021,23:00:00,26.5,168.7,12.7,68.1,974.4,0.0,0.0,6.34,243.4
31/08/2021,23:00:00,25.1,165.4,9.3,70.0,976.4,0.0,0.0,5.32,202.2
01/09/2021,23:00:00,25.0,140.8,6.9,71.9,976.9,0.0,0.0,5.31,242.1
02/09/2021,23:00:00,24.2,141,6.7,67.9,978.3,0.0,0.0,4.86,232.1
03/09/2021,23:00:00,24.2,141.1,6.6,67.8,978.4,0.0,0.0,0.2,231.6
04/09/2021,23:00:00,23.1,183.1,10,57.1,978.0,0.0,0.0,6.68,235.1
05/09/2021,23:00:00,22.9,186.3,8.3,60.7,977.5,0.0,0.0,5.92,226.6
06/09/2021,23:00:00,22.3,278.6,15,66.4,978.4,0.0,0.0,6.36,189.7
07/09/2021,23:00:00,20.2,231.4,10.3,83.2,979.0,7.7,201.4,2.04,46.7
08/09/2021,23:00:00,19.4,185.3,8.7,93.0,979.2,21.0,353.9,0.96,69.7
09/09/2021,23:00:00,20.4,173.9,10.2,85.2,979.5,1.1,43.5,2.3,170.4
10/09/2021,23:00:00,21.1,206.9,5.1,75.3,980.4,0.0,1.2,3.79,226.1
11/09/2021,23:00:00,21.4,175.1,4.3,78.3,978.8,0.0,0.0,3.62,222.3
12/09/2021,23:00:00,21.3,198.6,6.1,66.5,974.6,0.0,0.0,4.29,203.4
13/09/2021,23:00:00,21.8,239.5,6.5,61.4,974.2,0.0,0.0,5.06,202.3
14/09/2021,23:00:00,21.8,239.1,8.3,67.5,976.4,0.0,0.0,3.96,156.2
15/09/2021,23:00:00,23.0,150.8,3.8,57.0,979.8,0.0,0.0,4.4,217.3
16/09/2021,23:00:00,23.2,135.6,5.1,55.8,981.0,0.0,0.0,5.5,219.4
17/09/2021,23:00:00,24.9,122,3.3,52.0,979.7,0.0,0.0,4.97,215.4
18/09/2021,23:00:00,27.6,59.4,1.3,39.7,978.5,0.0,0.0,4.1,204.0
19/09/2021,23:00:00,28.9,71.5,1.4,35.9,979.4,0.0,0.0,4.74,205.7
20/09/2021,23:00:00,30.2,92.7,1.2,28.8,979.2,0.0,0.0,4.76,215.5
21/09/2021,23:00:00,28.7,84.7,1.4,32.8,980.2,0.0,0.0,4.55,213.4
22/09/2021,23:00:00,24.6,176.2,7.6,61.6,978.3,0.0,0.0,4.88,210.3
23/09/2021,23:00:00,19.9,256.6,10.4,72.7,977.8,0.0,0.0,2.72,75.4
24/09/2021,23:00:00,18.3,260.8,9.9,60.5,980.9,0.0,0.0,4.51,218.5
25/09/2021,23:00:00,20.1,173,6,62.4,982.0,0.0,0.0,4.29,219.5
26/09/2021,23:00:00,21.5,152.4,5.2,60.9,982.3,0.0,0.0,4.5,215.2
27/09/2021,23:00:00,22.4,158,6.2,51.3,979.7,0.0,0.0,5.57,212.1
28/09/2021,23:00:00,22.9,154.5,4.3,60.4,978.5,0.0,0.0,4.35,201.2
29/09/2021,23:00:00,20.7,198,8.4,78.6,979.3,0.0,0.0,2.65,148.0
30/09/2021,23:00:00,19.4,240.5,12.3,72.8,980.8,0.0,0.0,3.46,166.1
01/10/2021,23:00:00,18.1,267.2,22.8,67.5,981.1,0.0,0.0,4.27,80.9
02/10/2021,23:00:00,17.7,280.1,16.5,67.8,981.0,0.0,0.0,3.69,151.7
03/10/2021,23:00:00,17.7,280.6,16.2,67.8,981.0,0.0,0.0,0.15,154.9
04/10/2021,23:00:00,17.8,230.2,10.3,67.5,983.3,0.0,1.2,3.37,190.1
05/10/2021,23:00:00,18.1,233.2,9.3,66.1,983.0,0.0,0.0,3.61,199.0
06/10/2021,23:00:00,17.7,202.7,8.7,70.2,982.3,0.0,0.0,3.16,190.8
07/10/2021,23:00:00,18.1,227.6,5.7,64.4,979.4,0.0,0.0,3.53,187.5
08/10/2021,23:00:00,21.0,172.8,1.8,64.5,977.9,0.0,0.0,3.44,186.4
09/10/2021,23:00:00,22.7,136.3,2.1,63.5,979.0,0.0,0.0,3.98,193.5
10/10/2021,23:00:00,21.3,153.4,3.4,70.0,980.3,0.0,0.0,3.41,182.1
11/10/2021,23:00:00,22.6,137.6,2.3,62.1,978.7,0.0,0.0,2.81,130.0
12/10/2021,23:00:00,19.0,179.6,2.8,72.8,974.6,5.6,143.9,1.53,86.8
13/10/2021,23:00:00,18.6,195.9,5,72.7,975.9,0.8,63.7,1.99,82.6
14/10/2021,23:00:00,19.4,193.4,3.1,69.8,975.5,3.3,146.3,2.32,95.6
15/10/2021,23:00:00,17.5,161.3,2.9,81.8,973.1,22.6,322.6,1.52,85.7
16/10/2021,23:00:00,16.8,198.4,3.7,77.5,976.4,4.8,214.9,1.87,117.4
17/10/2021,23:00:00,17.9,211.7,6.1,76.3,980.2,0.2,8.6,2.29,104.6
18/10/2021,23:00:00,16.8,165.6,5.1,84.8,982.6,4.0,57.5,1.16,77.1
19/10/2021,23:00:00,16.7,171.2,9.3,78.9,986.6,0.2,2.5,1.77,133.6
20/10/2021,23:00:00,16.3,177.5,7.9,70.6,988.3,0.0,0.0,2.11,141.4
21/10/2021,23:00:00,16.8,218.4,4.5,66.1,986.2,0.0,0.0,2.8,172.0
22/10/2021,23:00:00,18.0,214.7,4.8,77.0,984.5,0.0,0.0,1.57,97.7
23/10/2021,23:00:00,19.1,165.7,3.5,69.6,984.6,0.0,0.0,2.93,154.2
24/10/2021,23:00:00,19.6,126.6,6.5,71.5,984.0,0.0,0.0,3.34,135.8
25/10/2021,23:00:00,15.7,75.5,1.9,86.2,984.4,5.9,230.2,0.45,21.6
26/10/2021,23:00:00,14.0,106.3,1.6,87.1,982.6,10.0,211.2,0.27,17.9
27/10/2021,23:00:00,14.4,78.6,1.1,88.6,981.8,0.4,8.6,0.27,18.4
28/10/2021,23:00:00,14.5,131.5,1.6,94.3,981.8,3.3,374.0,0.16,11.2
29/10/2021,23:00:00,14.5,155.7,2.3,94.7,980.6,6.5,505.1,0.2,17.5
30/10/2021,23:00:00,14.4,159.8,1.5,87.7,980.4,7.0,251.1,0.49,29.2
31/10/2021,23:00:00,15.2,170.1,4.5,87.9,978.7,4.9,125.1,0.81,53.0
01/11/2021,23:00:00,15.4,170.4,5.2,85.9,977.5,3.9,92.0,1.36,108.8
02/11/2021,23:00:00,15.4,170.4,5.2,85.8,977.5,0.2,3.7,0.06,111.2
03/11/2021,23:00:00,21.4,131.9,5.1,70.6,979.6,0.0,0.0,3.25,144.8
04/11/2021,23:00:00,20.5,140.6,3,72.7,982.9,0.0,0.0,2.58,144.6
05/11/2021,23:00:00,20.8,134.9,4.5,62.5,982.9,0.0,0.0,2.65,109.1
06/11/2021,23:00:00,18.5,163.3,6.7,77.6,982.6,0.0,0.0,1.39,144.9
07/11/2021,23:00:00,17.5,149.4,6.5,86.4,980.9,0.0,0.0,1.35,107.3
08/11/2021,23:00:00,16.9,173.7,5.2,83.8,979.5,0.0,0.0,1.34,98.8
09/11/2021,23:00:00,16.9,171,6.3,84.2,982.8,0.0,0.0,1.14,87.0
10/11/2021,23:00:00,15.4,215.7,2.5,83.2,987.4,0.0,0.0,0.59,22.9
11/11/2021,23:00:00,13.9,170.4,4,77.0,983.9,0.0,0.0,0.94,50.9
12/11/2021,23:00:00,14.3,202.4,5.4,75.5,981.5,0.0,0.0,1.31,80.1
13/11/2021,23:00:00,14.8,166.8,5.7,83.4,982.4,0.0,0.0,0.97,70.8
14/11/2021,23:00:00,15.4,164.5,4.2,89.9,981.6,0.8,86.3,0.95,58.9
15/11/2021,23:00:00,15.5,128.4,2.6,91.1,980.8,0.0,3.7,0.56,44.7
16/11/2021,23:00:00,14.6,133.8,2,90.8,980.7,12.9,316.5,0.25,19.4
17/11/2021,23:00:00,14.2,152.1,2.9,91.7,982.0,0.7,42.3,0.82,63.6
18/11/2021,23:00:00,14.2,160,5.8,88.9,984.7,0.0,1.2,1.07,102.7
19/11/2021,23:00:00,13.3,150.2,4,89.5,982.4,3.6,258.9,0.8,63.1
20/11/2021,23:00:00,12.6,148.5,2.4,77.7,979.2,0.3,39.8,0.66,25.0
21/11/2021,23:00:00,13.4,124.2,2.5,81.2,978.8,0.0,1.2,0.9,52.4
22/11/2021,23:00:00,15.3,199,6.4,79.0,980.0,0.0,0.0,1.57,109.8
23/11/2021,23:00:00,17.7,139.7,3.7,69.1,979.9,0.8,28.8,1.86,75.0
24/11/2021,23:00:00,14.9,107.4,1.7,88.8,979.6,3.8,261.1,0.6,41.0
25/11/2021,23:00:00,12.7,*,*,87.4,980.6,2.3,155.9,1.05,70.0
26/11/2021,23:00:00,17.3,140.6,4.6,71.7,974.3,0.3,35.0,2.69,112.0
27/11/2021,23:00:00,18.4,151.5,6.9,64.9,974.1,0.0,1.2,3.17,73.5
28/11/2021,23:00:00,20.8,123.4,5,51.7,973.6,0.0,0.0,4.09,99.9
29/11/2021,23:00:00,19.4,124.3,6.6,62.6,972.5,0.2,28.8,2.99,40.8
30/11/2021,23:00:00,13.3,*,*,74.3,976.5,8.6,288.9,1.02,76.9
01/12/2021,23:00:00,11.7,*,*,71.4,981.1,0.9,98.6,0.04,77.4
02/12/2021,23:00:00,11.7,*,*,71.2,981.3,0.0,3.7,0.0,77.4
03/12/2021,23:00:00,15.3,*,*,69.9,976.4,2.7,172.6,2.08,52.7
04/12/2021,23:00:00,12.0,*,*,89.6,973.1,37.3,813.9,0.21,21.1
05/12/2021,23:00:00,13.4,*,*,83.6,975.3,2.0,63.2,0.94,73.1
06/12/2021,23:00:00,14.7,*,*,72.7,973.6,0.8,116.3,1.6,49.4
07/12/2021,23:00:00,10.6,*,*,87.7,966.2,34.2,984.1,0.16,37.1
08/12/2021,23:00:00,11.0,*,*,78.2,973.7,3.4,243.2,0.86,48.5
09/12/2021,23:00:00,15.3,*,*,64.7,978.7,0.1,8.6,2.3,106.0
10/12/2021,23:00:00,13.4,*,*,75.4,977.9,9.2,230.2,0.46,64.7
11/12/2021,23:00:00,14.0,*,*,69.8,975.2,0.4,9.8,1.54,87.6
12/12/2021,23:00:00,13.2,*,*,81.8,976.6,5.2,287.7,0.11,51.7
13/12/2021,23:00:00,11.4,*,*,85.8,978.6,4.8,271.2,0.49,78.9
14/12/2021,23:00:00,9.5,*,*,88.9,976.0,2.7,213.4,0.31,39.9
15/12/2021,23:00:00,8.8,*,*,92.7,979.3,16.8,727.9,0.02,8.2
16/12/2021,23:00:00,9.1,*,*,82.1,983.9,1.9,145.8,0.53,48.7
17/12/2021,23:00:00,8.9,*,*,81.8,981.9,0.2,33.7,0.58,49.7
18/12/2021,23:00:00,7.2,*,*,91.0,974.1,26.7,749.3,0.03,18.9
19/12/2021,23:00:00,6.4,*,*,85.4,975.2,12.8,549.8,0.11,23.2
20/12/2021,23:00:00,9.5,*,*,76.0,976.9,0.5,22.1,0.3,105.5
21/12/2021,23:00:00,11.6,*,*,79.3,981.7,0.2,28.8,0.22,104.8
22/12/2021,23:00:00,9.9,*,*,83.0,984.5,0.0,1.2,0.61,85.2
23/12/2021,23:00:00,8.9,*,*,85.2,985.0,0.0,0.0,0.03,28.2
24/12/2021,23:00:00,9.8,*,*,75.7,984.2,0.0,0.0,0.13,101.2
25/12/2021,23:00:00,11.7,*,*,65.3,983.8,0.0,0.0,0.01,97.9
26/12/2021,23:00:00,13.8,*,*,62.8,982.9,0.0,0.0,0.0,115.5
27/12/2021,23:00:00,14.3,*,*,52.8,981.1,0.0,0.0,0.0,105.3
28/12/2021,23:00:00,14.1,*,*,69.2,974.8,17.6,316.5,0.0,52.3
29/12/2021,23:00:00,13.0,*,*,82.5,970.7,7.1,301.2,0.01,76.1
30/12/2021,23:00:00,10.7,*,*,95.3,969.0,30.4,646.2,0.06,32.8
31/12/2021,23:00:00,11.8,*,*,96.8,975.6,10.1,401.1,0.01,3.0
01/01/2022,23:00:00,11.9,*,*,96.8,975.9,0.4,16.0,0.0,1.8
02/01/2022,23:00:00,12.8,190.9,4.9,80.8,984.3,0.0,0.0,1.12,98.0
03/01/2022,23:00:00,13.0,198.4,6.8,79.2,983.6,0.0,0.0,1.44,103.1
04/01/2022,23:00:00,13.9,190.2,4.4,76.9,980.7,0.0,0.0,1.31,62.7
05/01/2022,23:00:00,14.5,*,*,74.2,979.4,0.0,0.0,1.29,86.2
06/01/2022,23:00:00,13.8,*,*,72.0,978.0,0.0,0.0,0.95,114.1
07/01/2022,23:00:00,13.1,*,*,63.8,977.2,0.0,0.0,1.53,80.7
08/01/2022,23:00:00,12.0,*,*,79.6,972.5,3.5,201.4,0.26,48.5
09/01/2022,23:00:00,11.5,*,*,77.8,965.3,2.1,94.9,0.03,74.4
10/01/2022,23:00:00,10.0,*,*,85.9,961.6,17.5,550.3,0.0,44.9
11/01/2022,23:00:00,9.2,*,*,85.2,961.5,26.4,828.9,0.0,55.5
12/01/2022,23:00:00,7.7,*,*,98.6,972.6,24.7,984.8,0.0,11.4
13/01/2022,23:00:00,5.4,*,*,82.8,984.6,5.4,270.8,0.0,22.6
14/01/2022,23:00:00,5.6,*,*,79.6,984.2,2.3,182.5,0.0,39.5
15/01/2022,23:00:00,8.8,*,*,65.4,979.8,0.1,7.4,0.0,123.2
16/01/2022,23:00:00,8.7,*,*,59.9,985.2,0.0,0.0,0.0,131.3
17/01/2022,23:00:00,9.4,*,*,72.0,985.9,3.3,86.3,0.0,64.7
18/01/2022,23:00:00,10.1,*,*,78.8,984.5,3.2,205.1,0.0,43.5
19/01/2022,23:00:00,6.9,*,*,71.1,989.8,0.9,123.7,0.0,50.5
20/01/2022,23:00:00,8.8,*,*,70.8,988.8,0.0,4.9,0.0,105.8
21/01/2022,23:00:00,10.6,*,*,84.9,983.1,11.5,402.8,0.39,98.7
22/01/2022,23:00:00,8.9,*,*,88.0,977.6,10.7,536.0,0.13,50.7
23/01/2022,23:00:00,3.3,*,*,78.9,981.2,2.2,137.2,0.19,43.6
24/01/2022,23:00:00,2.4,*,*,84.7,980.1,8.5,494.0,0.05,28.6
25/01/2022,23:00:00,2.4,*,*,87.4,981.2,24.2,798.7,0.12,39.3
26/01/2022,23:00:00,3.4,*,*,73.1,984.1,9.7,178.0,0.11,58.7
27/01/2022,23:00:00,5.8,*,*,67.2,986.0,0.4,6.2,0.0,102.6
28/01/2022,23:00:00,8.7,*,*,74.6,984.1,0.0,0.0,0.61,99.9
29/01/2022,23:00:00,9.6,*,*,83.8,978.0,4.8,374.0,0.09,61.6
30/01/2022,23:00:00,8.7,*,*,97.3,974.3,20.9,447.5,0.0,15.3
31/01/2022,23:00:00,8.7,*,*,97.9,974.1,0.9,18.4,0.0,13.4
01/02/2022,23:00:00,12.4,*,*,72.0,969.4,0.0,1.2,0.0,84.1
02/02/2022,23:00:00,10.3,*,*,80.1,965.3,21.1,604.2,0.0,56.4
03/02/2022,23:00:00,7.6,*,*,88.7,968.4,34.3,745.1,0.0,11.8
04/02/2022,23:00:00,7.1,*,*,81.4,981.8,4.9,204.3,0.0,56.0
05/02/2022,23:00:00,11.5,*,*,74.4,983.0,0.1,7.4,0.0,138.8
06/02/2022,23:00:00,12.8,*,*,83.0,983.7,0.0,0.0,0.0,130.6
07/02/2022,23:00:00,12.9,*,*,76.4,980.0,0.0,0.0,0.0,143.8
08/02/2022,23:00:00,8.7,*,*,82.6,975.4,13.6,546.6,0.0,81.8
09/02/2022,23:00:00,7.7,*,*,69.0,984.1,1.2,52.1,0.0,95.0
10/02/2022,23:00:00,9.5,*,*,65.6,987.3,0.0,1.2,0.0,93.0
11/02/2022,23:00:00,10.0,*,*,76.7,986.2,0.0,0.0,0.0,158.4
12/02/2022,23:00:00,10.4,*,*,76.3,986.4,0.0,0.0,0.0,92.8
13/02/2022,23:00:00,10.6,*,*,79.3,985.9,2.9,86.3,0.0,68.3
14/02/2022,23:00:00,10.0,*,*,78.6,985.7,0.1,3.7,0.0,135.4
15/02/2022,23:00:00,10.3,*,*,77.2,985.9,0.0,0.0,0.0,136.7
16/02/2022,23:00:00,12.3,*,*,66.2,982.4,0.0,0.0,0.0,134.6
17/02/2022,23:00:00,10.4,*,*,80.8,975.3,15.0,287.7,0.0,63.5
18/02/2022,23:00:00,11.4,*,*,74.3,977.2,0.6,12.3,0.0,96.7
19/02/2022,23:00:00,13.3,*,*,53.3,982.7,0.0,0.0,0.0,171.2
20/02/2022,23:00:00,14.9,*,*,53.3,983.1,0.0,0.0,0.0,128.8
21/02/2022,23:00:00,15.8,*,*,57.2,978.2,0.0,0.0,0.0,124.8
22/02/2022,23:00:00,13.2,*,*,73.5,971.5,0.0,0.0,0.0,112.0
23/02/2022,23:00:00,10.6,*,*,89.1,970.8,15.5,661.7,0.0,40.5
24/02/2022,23:00:00,9.4,*,*,85.6,976.4,10.1,344.8,0.0,16.5
25/02/2022,23:00:00,9.4,*,*,67.4,980.6,0.4,13.5,0.0,108.1
26/02/2022,23:00:00,10.7,*,*,76.7,981.3,0.0,0.0,0.0,60.3
27/02/2022,23:00:00,11.8,*,*,74.0,980.0,0.6,86.3,0.0,112.5
28/02/2022,23:00:00,11.3,*,*,76.9,979.9,1.2,118.8,0.0,72.5
01/03/2022,23:00:00,8.8,*,*,92.0,979.3,7.7,580.3,0.0,31.7
02/03/2022,23:00:00,8.7,*,*,92.7,979.3,0.3,24.6,0.0,30.1
03/03/2022,23:00:00,8.4,*,*,76.7,977.9,2.3,72.8,0.0,152.6
04/03/2022,23:00:00,10.5,*,*,76.7,977.3,0.8,87.6,0.0,90.9
05/03/2022,23:00:00,12.6,*,*,64.1,973.9,0.0,3.7,0.0,160.9
06/03/2022,23:00:00,11.8,*,*,76.6,972.7,11.7,230.2,0.0,73.0
07/03/2022,23:00:00,10.9,*,*,75.0,975.7,0.5,9.8,0.0,143.7
08/03/2022,23:00:00,10.5,*,*,81.4,973.1,3.8,86.3,0.0,88.3
09/03/2022,23:00:00,8.1,*,*,86.4,972.3,4.6,233.9,0.0,99.7
10/03/2022,23:00:00,4.4,*,*,92.6,976.6,17.4,758.8,0.0,47.6
11/03/2022,23:00:00,4.3,*,*,75.4,983.6,0.9,60.8,0.0,129.1
12/03/2022,23:00:00,3.4,*,*,86.4,985.6,6.3,346.5,0.0,47.4
13/03/2022,23:00:00,4.4,*,*,70.7,988.7,2.4,130.8,0.0,141.8
14/03/2022,23:00:00,5.4,*,*,75.0,992.0,0.7,91.3,0.0,67.9
15/03/2022,23:00:00,7.6,*,*,64.4,994.7,0.0,3.7,0.0,109.8
16/03/2022,23:00:00,9.5,*,*,65.2,989.0,0.0,0.0,0.0,215.0
17/03/2022,23:00:00,11.8,*,*,78.0,985.2,0.0,0.0,0.0,120.9
18/03/2022,23:00:00,8.7,*,*,73.2,990.1,0.0,0.0,0.0,43.4
19/03/2022,23:00:00,5.3,*,*,61.6,991.4,0.0,0.0,0.0,100.0
20/03/2022,23:00:00,5.3,*,*,64.6,988.4,5.9,115.1,0.0,120.8
21/03/2022,23:00:00,4.9,*,*,80.8,986.2,15.8,495.0,0.0,75.5
22/03/2022,23:00:00,6.4,*,*,78.0,982.0,1.8,194.5,0.0,62.7
23/03/2022,23:00:00,6.2,*,*,84.8,981.0,20.6,439.0,0.0,52.2
24/03/2022,23:00:00,9.2,*,*,60.9,983.9,0.9,18.4,0.0,169.4
25/03/2022,23:00:00,12.7,*,*,63.5,985.1,0.0,0.0,0.0,229.8
26/03/2022,23:00:00,12.8,*,*,74.3,988.3,0.0,0.0,0.0,215.5
27/03/2022,23:00:00,13.4,*,*,55.9,990.1,0.0,0.0,0.0,229.8
28/03/2022,23:00:00,13.8,*,*,56.3,987.9,0.0,0.0,0.0,109.6
29/03/2022,23:00:00,15.0,*,*,53.9,979.2,0.0,0.0,0.0,188.2
30/03/2022,23:00:00,13.3,*,*,76.3,977.2,0.0,0.0,0.0,126.7
31/03/2022,23:00:00,15.0,*,*,67.5,974.2,0.0,0.0,0.0,140.2
01/04/2022,23:00:00,15.1,*,*,67.1,974.1,0.0,0.0,0.0,140.9
02/04/2022,23:00:00,19.1,*,*,38.5,974.9,0.0,1.2,0.0,208.6
03/04/2022,23:00:00,15.9,*,*,48.7,978.7,0.0,0.0,0.0,200.8
04/04/2022,23:00:00,14.4,*,*,68.6,978.9,0.0,0.0,0.0,224.4
05/04/2022,23:00:00,14.6,*,*,89.6,972.2,0.0,0.0,0.0,113.5
06/04/2022,23:00:00,14.5,*,*,87.5,975.0,0.0,0.0,0.0,213.0
07/04/2022,23:00:00,17.1,*,*,70.7,970.8,0.0,0.0,0.0,144.2
08/04/2022,23:00:00,15.4,*,*,68.3,975.7,0.0,0.0,0.0,252.5
09/04/2022,23:00:00,17.4,*,*,46.8,975.0,0.0,0.0,0.0,206.1
10/04/2022,23:00:00,17.3,*,*,50.1,974.3,0.0,0.0,0.0,247.0
11/04/2022,23:00:00,12.7,*,*,63.4,978.2,0.0,0.0,0.0,252.2
12/04/2022,23:00:00,12.2,*,*,59.6,982.5,0.0,0.0,0.0,262.1
13/04/2022,23:00:00,12.8,*,*,62.8,980.9,0.0,0.0,0.0,255.1
14/04/2022,23:00:00,13.9,*,*,51.3,981.4,0.0,0.0,0.0,250.1
15/04/2022,23:00:00,13.9,*,*,65.0,980.1,0.0,0.0,0.0,199.7
16/04/2022,23:00:00,14.1,*,*,81.2,973.8,0.0,0.0,0.0,200.9
17/04/2022,23:00:00,17.1,*,*,78.2,963.9,2.9,86.3,0.0,150.8
18/04/2022,23:00:00,14.0,*,*,80.6,968.8,3.2,147.5,0.0,182.7
19/04/2022,23:00:00,12.1,*,*,86.0,974.6,3.8,293.9,0.0,114.8
20/04/2022,23:00:00,13.1,*,*,70.7,979.4,0.2,12.3,0.0,267.6
21/04/2022,23:00:00,13.7,*,*,71.7,978.9,0.0,0.0,0.0,253.8
22/04/2022,23:00:00,15.9,*,*,72.4,975.2,0.0,0.0,0.0,247.1
23/04/2022,23:00:00,17.0,*,*,70.4,972.6,0.0,0.0,0.0,255.2
24/04/2022,23:00:00,16.9,*,*,66.6,973.7,0.0,0.0,0.0,269.9
25/04/2022,23:00:00,18.5,*,*,55.7,974.4,0.0,0.0,0.0,274.3
26/04/2022,23:00:00,21.4,*,*,30.5,975.0,0.0,0.0,0.0,216.2
27/04/2022,23:00:00,19.5,*,*,47.1,975.5,0.0,0.0,0.0,278.1
28/04/2022,23:00:00,18.6,*,*,54.1,975.2,0.0,0.0,0.0,265.9
29/04/2022,23:00:00,16.5,*,*,74.0,975.6,0.0,0.0,0.0,95.4
30/04/2022,23:00:00,16.8,*,*,63.2,978.3,0.0,0.0,0.0,252.4
01/05/2022,23:00:00,16.8,*,*,62.7,978.5,0.0,0.0,0.0,259.4
02/05/2022,23:00:00,14.5,*,*,87.0,972.1,8.8,287.7,0.0,90.7
03/05/2022,23:00:00,14.5,*,*,86.5,974.8,0.4,12.3,0.0,181.1
04/05/2022,23:00:00,14.5,*,*,83.3,979.5,0.0,0.0,0.0,196.4
05/05/2022,23:00:00,15.9,*,*,67.5,982.7,0.0,0.0,0.0,276.7
06/05/2022,23:00:00,17.2,*,*,57.4,981.9,0.0,0.0,0.0,221.2
07/05/2022,23:00:00,15.8,*,*,73.2,979.5,0.0,0.0,0.0,256.6
08/05/2022,23:00:00,15.9,*,*,82.0,978.5,0.0,0.0,0.0,199.9
09/05/2022,23:00:00,16.0,*,*,82.0,979.8,0.0,0.0,0.0,235.7
10/05/2022,23:00:00,15.6,*,*,61.5,979.8,0.0,0.0,0.0,246.6
11/05/2022,23:00:00,16.3,*,*,44.7,981.2,0.0,0.0,0.0,288.0
12/05/2022,23:00:00,16.9,*,*,48.1,982.9,0.0,0.0,0.0,243.2
13/05/2022,23:00:00,18.3,*,*,55.3,981.3,0.0,0.0,0.0,211.3
14/05/2022,23:00:00,18.8,*,*,61.8,978.9,0.0,0.0,0.0,276.3
15/05/2022,23:00:00,20.4,*,*,61.1,980.3,0.0,0.0,0.0,282.7
16/05/2022,23:00:00,21.6,*,*,56.2,981.5,0.0,0.0,0.0,281.9
17/05/2022,23:00:00,21.6,*,*,61.7,979.3,0.0,0.0,0.0,283.3
18/05/2022,23:00:00,21.6,*,*,67.7,976.4,0.0,0.0,0.0,280.6
19/05/2022,23:00:00,15.3,*,*,82.5,982.1,3.1,115.1,0.0,92.6
20/05/2022,23:00:00,15.1,*,*,70.8,983.3,0.1,4.9,0.0,135.4
21/05/2022,23:00:00,17.3,*,*,65.5,979.5,0.0,0.0,0.0,262.0
22/05/2022,23:00:00,21.1,*,*,50.0,975.2,0.0,0.0,0.0,288.1
23/05/2022,23:00:00,22.3,*,*,52.4,974.5,0.0,0.0,0.0,287.3
24/05/2022,23:00:00,23.4,*,*,48.2,975.3,0.0,0.0,0.0,280.8
25/05/2022,23:00:00,24.3,*,*,54.1,978.9,0.0,0.0,0.0,278.4
26/05/2022,23:00:00,26.8,*,*,36.3,981.3,0.0,0.0,0.0,287.0
27/05/2022,23:00:00,26.7,*,*,38.7,979.4,0.0,0.0,0.0,290.9
28/05/2022,23:00:00,26.9,*,*,33.0,974.6,0.0,0.0,0.0,286.6
29/05/2022,23:00:00,27.2,*,*,35.9,971.1,0.0,0.0,0.0,278.3
30/05/2022,23:00:00,22.3,*,*,64.1,975.3,0.0,0.0,0.0,293.2
31/05/2022,23:00:00,22.1,*,*,65.3,975.5,0.0,0.0,0.0,293.8
01/06/2022,23:00:00,24.6,*,*,49.3,976.8,0.0,0.0,0.0,287.0
02/06/2022,23:00:00,24.0,*,*,52.8,975.6,0.0,0.0,0.0,288.1
03/06/2022,23:00:00,24.0,*,*,57.3,976.1,0.0,0.0,0.0,285.0
04/06/2022,23:00:00,23.7,*,*,66.0,977.2,0.0,0.0,0.0,276.4
05/06/2022,23:00:00,25.4,*,*,53.9,976.9,0.0,0.0,0.0,284.9
06/06/2022,23:00:00,27.3,*,*,49.2,975.5,0.0,0.0,0.0,280.8
07/06/2022,23:00:00,23.9,*,*,61.1,974.5,0.0,0.0,0.0,281.4
08/06/2022,23:00:00,23.1,*,*,57.1,973.6,0.0,0.0,0.0,284.6
09/06/2022,23:00:00,25.1,*,*,51.0,972.8,0.0,0.0,0.0,289.9
10/06/2022,23:00:00,26.9,*,*,34.6,970.6,0.0,0.0,0.0,280.2
11/06/2022,23:00:00,22.1,*,*,71.0,970.4,0.0,0.0,0.0,246.3
12/06/2022,23:00:00,22.2,*,*,67.6,972.6,0.0,0.0,0.0,278.2
13/06/2022,23:00:00,22.0,*,*,67.3,973.6,0.0,0.0,0.0,224.5
14/06/2022,23:00:00,23.4,*,*,63.8,975.2,0.0,0.0,0.0,278.4
15/06/2022,23:00:00,23.9,*,*,60.3,978.2,0.0,0.0,0.0,286.0
16/06/2022,23:00:00,22.9,*,*,68.4,978.8,0.0,0.0,0.0,291.3
17/06/2022,23:00:00,22.8,*,*,57.4,978.7,0.0,0.0,0.0,296.8
18/06/2022,23:00:00,22.6,*,*,60.3,976.5,0.0,0.0,0.0,298.1
19/06/2022,23:00:00,22.0,*,*,64.0,977.7,0.0,0.0,0.0,215.8
20/06/2022,23:00:00,22.4,*,*,61.7,977.2,0.0,0.0,0.0,291.2
21/06/2022,23:00:00,23.9,*,*,68.9,975.6,0.0,0.0,0.0,293.5
22/06/2022,23:00:00,27.6,*,*,49.1,974.6,0.0,0.0,0.0,289.7
23/06/2022,23:00:00,30.0,*,*,41.6,974.6,0.0,0.0,0.0,276.2
24/06/2022,23:00:00,28.2,*,*,50.7,974.7,0.0,0.0,0.0,277.2
25/06/2022,23:00:00,26.5,*,*,47.8,977.0,0.0,0.0,0.0,283.3
26/06/2022,23:00:00,27.8,*,*,53.3,976.4,0.0,0.0,0.0,284.9
27/06/2022,23:00:00,25.2,*,*,60.5,977.8,0.0,0.0,0.0,288.2
28/06/2022,23:00:00,24.5,*,*,63.8,977.2,0.0,0.0,0.0,288.0
29/06/2022,23:00:00,24.6,*,*,64.9,976.6,0.0,0.0,0.0,278.5
30/06/2022,23:00:00,24.6,*,*,64.9,976.6,0.0,0.0,0.0,278.1
01/07/2022,23:00:00,25.4,*,*,57.7,975.7,0.0,0.0,0.0,292.3
02/07/2022,23:00:00,26.1,*,*,54.8,976.4,0.0,0.0,0.0,283.3
03/07/2022,23:00:00,24.5,*,*,65.0,975.4,0.0,0.0,0.0,248.1
04/07/2022,23:00:00,23.9,*,*,58.3,974.6,0.0,0.0,0.0,292.0
05/07/2022,23:00:00,25.3,*,*,42.3,974.9,0.0,0.0,0.0,297.9
06/07/2022,23:00:00,26.4,*,*,44.0,974.5,0.0,0.0,0.0,284.9
07/07/2022,23:00:00,26.6,*,*,48.6,975.4,0.0,0.0,0.0,281.2
08/07/2022,23:00:00,26.3,*,*,61.4,974.7,0.0,0.0,0.0,276.1
09/07/2022,23:00:00,24.9,*,*,69.1,971.1,0.0,0.0,0.0,220.2
10/07/2022,23:00:00,22.2,*,*,74.6,973.0,0.0,0.0,0.0,172.8
11/07/2022,23:00:00,23.6,*,*,64.3,975.9,0.0,0.0,0.0,277.1
12/07/2022,23:00:00,24.1,*,*,62.1,979.0,0.0,0.0,0.0,284.1
13/07/2022,23:00:00,23.7,*,*,58.6,978.7,0.0,0.0,0.0,282.3
14/07/2022,23:00:00,23.1,*,*,58.8,976.7,0.0,0.0,0.0,290.5
15/07/2022,23:00:00,24.9,*,*,52.3,974.8,0.0,0.0,0.0,281.1
16/07/2022,23:00:00,26.3,*,*,47.8,976.2,0.0,0.0,0.0,284.0
17/07/2022,23:00:00,27.6,*,*,45.7,976.6,0.0,0.0,0.0,288.6
18/07/2022,23:00:00,25.5,*,*,57.6,978.0,0.0,0.0,0.0,280.1
19/07/2022,23:00:00,22.6,*,*,64.2,978.3,0.0,0.0,0.0,264.7
20/07/2022,23:00:00,22.3,*,*,66.1,978.0,0.0,0.0,0.0,208.3
21/07/2022,23:00:00,23.8,*,*,58.3,976.5,0.0,0.0,0.0,266.0
22/07/2022,23:00:00,27.4,*,*,43.3,976.4,0.0,0.0,0.0,276.1
23/07/2022,23:00:00,26.8,*,*,49.2,977.1,0.0,0.0,0.0,280.9
24/07/2022,23:00:00,28.7,*,*,39.2,975.4,0.0,0.0,0.0,278.2
25/07/2022,23:00:00,28.3,*,*,48.3,973.6,0.0,0.0,0.0,270.3
26/07/2022,23:00:00,27.1,*,*,52.7,973.0,0.0,0.0,0.0,270.9
27/07/2022,23:00:00,27.2,*,*,46.7,972.0,0.0,0.0,0.0,281.8
28/07/2022,23:00:00,27.0,*,*,44.4,972.5,0.0,0.0,0.0,282.0
29/07/2022,23:00:00,27.1,*,*,46.6,974.7,0.0,0.0,0.0,274.7
30/07/2022,23:00:00,27.1,*,*,46.7,974.8,0.0,0.0,0.0,274.4
31/07/2022,23:00:00,27.6,*,*,47.8,972.7,0.0,0.0,0.0,272.3
01/08/2022,23:00:00,26.6,*,*,61.4,972.0,0.0,0.0,0.0,266.8
02/08/2022,23:00:00,27.0,*,*,49.2,973.0,0.0,0.0,0.0,269.2
03/08/2022,23:00:00,25.6,*,*,57.8,974.1,0.0,0.0,0.0,237.0
04/08/2022,23:00:00,25.9,*,*,54.4,975.0,0.0,0.0,0.0,269.9
05/08/2022,23:00:00,26.0,*,*,53.9,974.9,0.0,0.0,0.0,272.3
06/08/2022,23:00:00,25.9,*,*,56.1,972.3,0.0,0.0,0.0,270.4
07/08/2022,23:00:00,26.0,*,*,58.8,971.1,0.0,0.0,0.0,251.1
08/08/2022,23:00:00,24.8,*,*,72.5,972.3,0.0,0.0,0.0,200.4
09/08/2022,23:00:00,25.4,*,*,65.7,973.9,0.0,0.0,0.0,259.1
10/08/2022,23:00:00,25.5,*,*,56.2,973.8,0.0,0.0,0.0,266.6
11/08/2022,23:00:00,24.0,*,*,71.3,974.3,0.0,0.0,0.0,155.9
12/08/2022,23:00:00,25.0,*,*,57.9,974.7,0.0,0.0,0.0,255.9
13/08/2022,23:00:00,25.2,*,*,68.6,973.2,0.0,0.0,0.0,269.0
14/08/2022,23:00:00,25.4,*,*,70.5,971.3,0.0,0.0,0.0,252.8
15/08/2022,23:00:00,24.7,*,*,71.3,972.0,0.0,0.0,0.0,243.1
16/08/2022,23:00:00,25.8,*,*,58.1,975.2,0.0,0.0,0.0,257.1
17/08/2022,23:00:00,27.1,*,*,68.4,974.0,0.0,0.0,0.0,253.5
18/08/2022,23:00:00,27.3,*,*,56.5,973.3,0.0,0.0,0.0,251.4
19/08/2022,23:00:00,28.3,*,*,50.1,973.2,0.0,0.0,0.0,244.1
20/08/2022,23:00:00,29.1,*,*,47.2,972.3,0.0,0.0,0.0,237.2
21/08/2022,23:00:00,26.0,*,*,74.9,969.1,0.0,0.0,0.0,205.2
22/08/2022,23:00:00,25.3,*,*,75.4,969.2,0.0,0.0,0.0,180.6
23/08/2022,23:00:00,25.1,*,*,68.1,971.4,0.0,0.0,0.0,206.8
24/08/2022,23:00:00,22.6,*,*,79.2,972.4,4.4,143.9,0.0,191.5
25/08/2022,23:00:00,23.8,*,*,78.4,972.6,0.2,6.1,0.0,185.2
26/08/2022,23:00:00,23.1,*,*,76.2,972.1,0.0,0.0,0.0,181.0
27/08/2022,23:00:00,23.7,*,*,73.4,974.0,0.0,0.0,0.0,210.7
28/08/2022,23:00:00,25.3,*,*,65.5,976.1,0.0,0.0,0.0,241.6
29/08/2022,23:00:00,25.3,*,*,65.2,976.2,0.0,0.0,0.0,242.8
30/08/2022,23:00:00,25.5,*,*,72.7,976.3,0.0,0.0,0.0,240.3
31/08/2022,23:00:00,24.1,*,*,80.1,975.2,28.8,57.5,0.0,176.9
01/09/2022,23:00:00,24.8,*,*,75.0,974.4,1.2,2.5,0.0,229.2
02/09/2022,23:00:00,25.3,*,*,71.0,974.6,0.0,0.0,0.0,235.7
03/09/2022,23:00:00,24.8,*,*,76.2,976.9,0.0,0.0,0.0,207.6
04/09/2022,23:00:00,24.6,*,*,77.4,979.3,0.0,0.0,0.0,232.8
05/09/2022,23:00:00,23.5,*,*,78.8,978.9,0.0,0.0,0.0,179.2
06/09/2022,23:00:00,21.9,*,*,64.8,979.2,0.0,0.0,0.0,172.3
07/09/2022,23:00:00,21.5,*,*,68.5,978.4,0.0,0.0,0.0,174.9
08/09/2022,23:00:00,21.8,*,*,67.8,978.9,0.0,0.0,0.0,209.7
09/09/2022,23:00:00,22.5,*,*,61.8,979.8,0.0,0.0,0.0,236.2
10/09/2022,23:00:00,25.9,*,*,54.7,978.2,0.0,0.0,0.0,219.9
11/09/2022,23:00:00,26.4,*,*,70.6,975.1,0.0,0.0,0.0,226.9
12/09/2022,23:00:00,24.5,*,*,70.7,972.5,0.0,0.0,0.0,213.0
13/09/2022,23:00:00,22.4,*,*,74.8,973.8,0.0,0.0,0.0,197.6
14/09/2022,23:00:00,22.0,*,*,57.9,977.4,0.0,0.0,0.0,223.4
15/09/2022,23:00:00,22.6,*,*,59.2,977.9,0.0,0.0,0.0,226.8
16/09/2022,23:00:00,24.3,*,*,47.5,975.6,0.0,0.0,0.0,223.4
17/09/2022,23:00:00,24.5,*,*,60.4,972.2,0.0,0.0,0.0,220.3
18/09/2022,23:00:00,25.3,*,*,66.8,973.2,0.0,0.0,0.0,199.9
19/09/2022,23:00:00,22.1,*,*,74.0,975.7,0.0,0.0,0.0,174.6
20/09/2022,23:00:00,21.5,*,*,70.4,975.5,0.0,0.0,0.0,193.8
21/09/2022,23:00:00,21.6,*,*,65.2,974.4,0.0,0.0,0.0,175.6
22/09/2022,23:00:00,19.0,*,*,80.8,975.6,11.7,86.3,0.0,151.6
23/09/2022,23:00:00,17.1,*,*,75.3,977.4,8.0,435.2,0.0,67.2
24/09/2022,23:00:00,18.2,*,*,59.0,981.2,0.3,18.4,0.0,212.4
25/09/2022,23:00:00,18.6,*,*,61.4,981.2,0.0,0.0,0.0,216.6
26/09/2022,23:00:00,19.3,*,*,65.2,979.2,0.0,0.0,0.0,215.0
27/09/2022,23:00:00,24.2,*,*,58.9,974.2,0.0,0.0,0.0,178.0
28/09/2022,23:00:00,24.4,*,*,58.6,974.0,0.0,0.0,0.0,176.4
29/09/2022,23:00:00,23.9,*,*,75.8,974.6,0.0,0.0,0.0,166.6
30/09/2022,23:00:00,23.5,*,*,81.5,978.1,0.0,0.0,0.0,183.5
01/10/2022,23:00:00,26.8,*,*,59.1,982.1,0.0,0.0,0.0,186.0
02/10/2022,23:00:00,25.3,*,*,57.4,978.5,0.0,0.0,0.0,196.1
03/10/2022,23:00:00,22.5,*,*,52.8,975.9,0.0,0.0,0.0,204.2
04/10/2022,23:00:00,19.9,*,*,73.8,977.4,0.0,0.0,0.0,67.4
05/10/2022,23:00:00,18.9,*,*,61.7,984.0,0.0,0.0,0.0,179.2
06/10/2022,23:00:00,18.4,*,*,62.3,983.9,0.0,0.0,0.0,100.5
07/10/2022,23:00:00,18.3,*,*,72.3,981.1,0.0,0.0,0.0,51.2
08/10/2022,23:00:00,18.5,*,*,67.7,980.9,0.0,0.0,0.0,68.7
09/10/2022,23:00:00,18.4,*,*,67.0,981.5,0.0,0.0,0.0,181.8
10/10/2022,23:00:00,18.4,*,*,75.6,983.4,0.0,0.0,0.0,158.6
11/10/2022,23:00:00,19.0,*,*,68.3,982.5,0.0,0.0,0.0,178.1
12/10/2022,23:00:00,19.3,*,*,80.3,982.1,0.0,0.0,0.0,135.2
13/10/2022,23:00:00,18.8,*,*,71.8,982.2,0.0,0.0,0.0,167.7
14/10/2022,23:00:00,18.9,*,*,74.8,975.9,0.0,0.0,0.0,100.7
15/10/2022,23:00:00,16.5,*,*,94.4,972.2,47.2,546.6,0.0,22.3
16/10/2022,23:00:00,16.8,*,*,86.3,979.9,12.6,339.8,0.0,38.4
17/10/2022,23:00:00,16.5,*,*,79.6,985.4,3.5,99.8,0.0,49.8
18/10/2022,23:00:00,16.1,*,*,91.4,984.2,7.4,407.4,0.0,11.8
19/10/2022,23:00:00,16.2,*,*,89.8,980.0,0.5,46.0,0.0,23.3
20/10/2022,23:00:00,16.2,*,*,82.0,979.9,0.0,1.2,0.0,112.1
21/10/2022,23:00:00,16.8,*,*,70.1,983.3,0.0,0.0,0.0,116.6
22/10/2022,23:00:00,15.6,*,*,67.7,985.3,0.0,0.0,0.0,167.7
23/10/2022,23:00:00,17.4,*,*,51.8,984.7,0.0,0.0,0.0,162.1
24/10/2022,23:00:00,19.4,*,*,57.0,983.9,0.0,0.0,0.0,155.9
25/10/2022,23:00:00,20.9,*,*,52.6,981.2,0.0,0.0,0.0,154.0
26/10/2022,23:00:00,19.9,*,*,64.6,980.9,0.0,0.0,0.0,155.8
27/10/2022,23:00:00,19.0,*,*,70.5,984.0,0.0,0.0,0.0,149.0
28/10/2022,23:00:00,19.0,*,*,70.7,984.1,0.0,0.0,0.0,148.7
29/10/2022,23:00:00,16.2,*,*,82.4,982.9,0.0,2.5,0.0,54.4
30/10/2022,23:00:00,15.7,*,*,78.8,981.0,0.0,0.0,0.0,61.9
31/10/2022,23:00:00,15.7,*,*,64.3,980.6,0.0,0.0,0.0,149.8
01/11/2022,23:00:00,16.5,*,*,74.8,982.8,0.0,0.0,0.0,78.5
02/11/2022,23:00:00,16.8,*,*,69.7,983.1,0.0,0.0,0.0,146.3
03/11/2022,23:00:00,18.3,*,*,59.8,981.4,0.0,0.0,0.0,149.5
04/11/2022,23:00:00,18.5,*,*,52.8,979.3,0.0,0.0,0.0,147.3
05/11/2022,23:00:00,18.7,*,*,58.4,976.4,0.0,0.0,0.0,149.1
06/11/2022,23:00:00,17.4,*,*,75.0,972.6,11.5,345.2,0.0,102.6
07/11/2022,23:00:00,15.2,*,*,89.9,977.3,6.1,187.4,0.0,65.1
08/11/2022,23:00:00,15.9,*,*,81.6,981.5,0.2,7.4,0.0,135.7
09/11/2022,23:00:00,15.6,*,*,80.7,982.5,0.0,0.0,0.0,129.1
10/11/2022,23:00:00,15.2,*,*,83.5,984.1,0.0,0.0,0.0,122.8
11/11/2022,23:00:00,15.0,*,*,75.5,986.3,0.0,0.0,0.0,139.0
12/11/2022,23:00:00,14.9,*,*,78.4,985.5,0.0,0.0,0.0,119.6
13/11/2022,23:00:00,14.4,*,*,83.4,987.2,0.0,0.0,0.0,128.0
14/11/2022,23:00:00,14.8,*,*,82.4,985.1,0.0,0.0,0.0,77.9
15/11/2022,23:00:00,14.9,*,*,78.0,981.6,0.0,0.0,0.0,104.2
16/11/2022,23:00:00,16.7,*,*,77.3,976.9,0.4,28.8,0.0,113.6
17/11/2022,23:00:00,18.9,*,*,61.4,973.6,0.0,1.2,0.0,130.1
18/11/2022,23:00:00,19.5,*,*,73.8,973.9,0.0,0.0,0.0,123.9
19/11/2022,23:00:00,20.1,*,*,69.9,979.0,0.0,0.0,0.0,128.7
20/11/2022,23:00:00,22.2,*,*,36.8,978.5,0.0,0.0,0.0,112.7
21/11/2022,23:00:00,17.1,*,*,77.2,976.5,10.2,287.7,0.0,78.5
22/11/2022,23:00:00,16.3,*,*,75.8,977.5,1.4,98.6,0.0,128.9
23/11/2022,23:00:00,14.7,*,*,82.9,972.7,30.2,320.2,0.0,44.0
24/11/2022,23:00:00,14.6,*,*,74.1,972.0,1.3,14.5,0.0,47.7
25/11/2022,23:00:00,14.0,*,*,70.2,977.5,0.0,0.0,0.0,115.9
26/11/2022,23:00:00,12.9,*,*,65.8,981.9,0.0,0.0,0.0,81.2
27/11/2022,23:00:00,12.8,*,*,65.6,982.1,0.0,0.0,0.0,79.6
28/11/2022,23:00:00,12.2,*,*,93.5,974.9,37.3,730.1,0.0,22.8
29/11/2022,23:00:00,12.3,*,*,90.9,974.5,5.3,175.6,0.0,44.4
30/11/2022,23:00:00,13.5,*,*,90.5,972.6,19.9,667.9,0.0,55.8
01/12/2022,23:00:00,14.3,*,*,84.6,975.8,8.2,345.7,0.0,65.3
02/12/2022,23:00:00,14.8,*,*,82.4,981.8,0.3,13.6,0.0,63.6
03/12/2022,23:00:00,13.9,*,*,88.5,983.7,0.0,0.0,0.0,73.5
04/12/2022,23:00:00,13.3,*,*,86.8,985.4,0.0,0.0,0.0,111.3
05/12/2022,23:00:00,13.3,*,*,86.2,985.2,0.0,0.0,0.0,105.8
06/12/2022,23:00:00,12.9,*,*,84.2,982.6,0.0,0.0,0.0,117.1
07/12/2022,23:00:00,12.9,*,*,82.4,978.0,3.8,143.9,0.0,59.7
08/12/2022,23:00:00,15.5,*,*,72.5,978.3,0.2,6.1,0.0,76.8
09/12/2022,23:00:00,15.6,*,*,73.9,979.8,0.0,0.0,0.0,104.0
10/12/2022,23:00:00,18.4,*,*,62.6,976.5,0.0,0.0,0.0,111.3
11/12/2022,23:00:00,16.9,*,*,75.4,971.0,16.1,287.7,0.0,52.8
12/12/2022,23:00:00,15.4,*,*,78.2,972.8,0.9,41.1,0.0,61.4
13/12/2022,23:00:00,15.7,*,*,85.8,972.8,1.7,87.5,0.0,39.3
14/12/2022,23:00:00,15.2,*,*,94.7,974.5,13.3,176.3,0.0,100.5
15/12/2022,23:00:00,19.1,*,*,68.3,977.4,0.8,36.1,0.0,116.1
16/12/2022,23:00:00,19.0,*,*,64.3,981.0,0.0,1.2,0.0,115.4
17/12/2022,23:00:00,19.8,*,*,56.7,982.9,0.0,0.0,0.0,113.9
18/12/2022,23:00:00,18.4,*,*,62.2,985.6,0.0,0.0,0.0,115.5
19/12/2022,23:00:00,13.6,*,*,90.3,987.8,4.2,287.7,0.0,11.9
20/12/2022,23:00:00,9.4,*,*,74.4,987.1,0.2,12.3,0.0,20.0
21/12/2022,23:00:00,9.9,*,*,76.6,982.9,0.0,0.0,0.0,15.8
22/12/2022,23:00:00,10.5,*,*,75.6,979.9,0.0,0.0,0.0,46.0
23/12/2022,23:00:00,12.2,*,*,76.5,977.9,0.0,0.0,0.0,85.1
24/12/2022,23:00:00,12.4,*,*,78.6,978.5,0.0,0.0,0.0,86.7
25/12/2022,23:00:00,13.3,*,*,84.1,982.4,0.0,0.0,0.0,77.2
26/12/2022,23:00:00,12.9,*,*,74.3,988.9,0.0,0.0,0.0,116.2
27/12/2022,23:00:00,12.9,*,*,73.9,989.1,0.0,0.0,0.0,117.8
28/12/2022,23:00:00,14.2,*,*,83.4,986.9,0.0,0.0,0.0,83.8
29/12/2022,23:00:00,12.8,*,*,84.8,987.5,0.0,0.0,0.0,73.3
30/12/2022,23:00:00,12.1,*,*,82.1,988.8,0.0,0.0,0.0,114.8
31/12/2022,23:00:00,12.3,*,*,78.0,990.3,0.0,0.0,0.0,88.2
01/01/2023,23:00:00,11.5,*,*,88.8,990.5,49.7,633.0,0.0,36.3
02/01/2023,23:00:00,11.4,*,*,88.4,990.7,2.3,55.8,0.0,27.1
03/01/2023,23:00:00,11.0,*,*,82.5,989.1,0.0,1.2,0.0,98.5
04/01/2023,23:00:00,12.0,*,*,83.2,986.4,0.0,0.0,0.0,109.5
05/01/2023,23:00:00,12.7,*,*,82.5,984.0,0.0,0.0,0.0,117.3
06/01/2023,23:00:00,13.3,*,*,80.4,983.1,0.0,0.0,0.0,99.8
07/01/2023,23:00:00,11.9,*,*,84.5,983.6,0.0,0.0,0.0,55.2
08/01/2023,23:00:00,12.0,*,*,78.7,982.4,0.0,0.0,0.0,80.7
09/01/2023,23:00:00,12.4,*,*,75.0,982.8,0.0,0.0,0.0,119.7
10/01/2023,23:00:00,13.2,*,*,79.4,977.0,20.7,345.2,0.0,48.1
11/01/2023,23:00:00,9.7,*,*,87.3,974.4,6.5,274.6,0.0,34.8
12/01/2023,23:00:00,10.0,*,*,81.1,977.4,0.2,11.1,0.0,113.1
13/01/2023,23:00:00,9.7,*,*,89.7,978.9,5.0,143.9,0.0,57.9
14/01/2023,23:00:00,10.3,*,*,79.6,980.1,0.2,6.1,0.0,108.5
15/01/2023,23:00:00,10.0,*,*,82.7,978.2,6.3,287.7,0.0,32.9
16/01/2023,23:00:00,11.8,*,*,81.6,978.6,3.3,157.1,0.0,114.3
17/01/2023,23:00:00,14.1,*,*,74.1,977.5,0.5,35.0,0.0,60.1
18/01/2023,23:00:00,15.8,*,*,57.2,977.1,0.0,1.2,0.0,128.0
19/01/2023,23:00:00,15.8,*,*,51.2,977.6,0.0,0.0,0.0,136.2
20/01/2023,23:00:00,13.2,*,*,67.0,975.6,0.6,57.5,0.0,110.0
21/01/2023,23:00:00,12.3,*,*,75.6,978.0,4.8,203.9,0.0,69.0
22/01/2023,23:00:00,13.3,*,*,63.9,980.6,0.2,8.6,0.0,126.5
23/01/2023,23:00:00,12.5,*,*,70.6,983.3,0.0,0.0,0.0,97.9
24/01/2023,23:00:00,12.5,*,*,74.9,985.1,0.0,0.0,0.0,123.3
25/01/2023,23:00:00,12.2,*,*,81.1,982.5,0.0,0.0,0.0,100.2
26/01/2023,23:00:00,12.2,*,*,81.3,982.4,0.0,0.0,0.0,99.1
27/01/2023,23:00:00,10.6,*,*,80.0,969.3,7.1,353.9,0.0,98.4
28/01/2023,23:00:00,10.9,*,*,81.7,973.4,5.1,303.4,0.0,119.3
29/01/2023,23:00:00,9.9,*,*,81.2,976.8,3.5,127.4,0.0,93.5
30/01/2023,23:00:00,8.5,*,*,84.5,976.1,2.1,206.3,0.0,69.6
31/01/2023,23:00:00,9.2,*,*,83.4,973.8,9.5,382.6,0.0,66.6
01/02/2023,23:00:00,6.3,*,*,85.2,980.4,4.8,304.6,0.0,58.5
02/02/2023,23:00:00,9.5,*,*,73.2,983.5,0.4,41.1,0.0,144.7
03/02/2023,23:00:00,10.6,*,*,76.6,983.0,0.4,58.8,0.0,142.3
04/02/2023,23:00:00,10.3,*,*,75.1,978.7,3.1,146.3,0.0,95.8
05/02/2023,23:00:00,6.9,*,*,85.6,971.7,15.7,610.3,0.0,28.8
06/02/2023,23:00:00,4.1,*,*,83.3,978.6,15.1,717.3,0.0,14.6
07/02/2023,23:00:00,3.1,*,*,93.9,985.0,31.5,1151.6,0.0,30.9
08/02/2023,23:00:00,3.9,*,*,81.2,989.8,4.8,336.6,0.0,46.2
09/02/2023,23:00:00,5.8,*,*,68.8,989.1,0.1,12.3,0.0,67.6
10/02/2023,23:00:00,7.1,*,*,75.7,988.0,0.4,57.5,0.0,13.5
11/02/2023,23:00:00,7.1,*,*,72.7,989.3,0.0,2.5,0.0,40.9
12/02/2023,23:00:00,7.5,*,*,67.3,988.0,0.0,0.0,0.0,159.7
13/02/2023,23:00:00,8.0,*,*,71.2,990.4,2.9,115.1,0.0,37.9
14/02/2023,23:00:00,8.5,*,*,67.1,987.6,0.1,4.9,0.0,102.0
15/02/2023,23:00:00,8.7,*,*,67.0,988.1,0.0,0.0,0.0,52.9
16/02/2023,23:00:00,8.8,*,*,66.9,991.1,0.0,0.0,0.0,127.0
17/02/2023,23:00:00,10.8,*,*,75.1,990.8,0.0,0.0,0.0,171.3
18/02/2023,23:00:00,11.9,*,*,76.9,989.1,0.0,0.0,0.0,127.2
19/02/2023,23:00:00,12.0,*,*,75.1,986.3,0.0,0.0,0.0,175.1
20/02/2023,23:00:00,12.4,*,*,76.0,983.9,0.0,0.0,0.0,71.4
21/02/2023,23:00:00,12.5,*,*,79.1,983.1,0.0,0.0,0.0,149.0
22/02/2023,23:00:00,12.7,*,*,74.0,979.1,0.0,0.0,0.0,145.1
23/02/2023,23:00:00,12.8,*,*,77.4,977.8,0.0,0.0,0.0,137.6
24/02/2023,23:00:00,12.2,*,*,79.5,978.5,0.0,0.0,0.0,154.7
25/02/2023,23:00:00,12.1,*,*,79.6,978.5,0.0,0.0,0.0,155.5
26/02/2023,23:00:00,18.3,*,*,33.7,973.7,0.0,0.0,0.0,134.0
27/02/2023,23:00:00,19.0,*,*,44.7,976.4,0.2,28.8,0.0,111.8
28/02/2023,23:00:00,20.1,*,*,37.0,976.2,0.0,1.2,0.0,118.0
01/03/2023,23:00:00,14.5,*,*,79.2,977.6,0.0,0.0,0.0,144.4
02/03/2023,23:00:00,13.7,*,*,85.8,977.2,0.0,0.0,0.0,99.6
03/03/2023,23:00:00,12.8,*,*,78.5,978.3,0.0,0.0,0.0,168.8
04/03/2023,23:00:00,11.9,*,*,85.7,977.5,4.2,287.7,0.0,20.1
05/03/2023,23:00:00,12.1,*,*,81.1,973.9,0.8,69.8,0.0,119.5
06/03/2023,23:00:00,11.9,*,*,78.6,977.9,4.8,175.1,0.0,142.8
07/03/2023,23:00:00,13.6,*,*,67.4,976.4,0.2,7.4,0.0,161.0
08/03/2023,23:00:00,15.5,*,*,62.4,975.3,0.0,0.0,0.0,195.6
09/03/2023,23:00:00,13.9,*,*,71.3,977.5,0.0,0.0,0.0,203.7
10/03/2023,23:00:00,16.3,*,*,63.8,975.8,0.0,0.0,0.0,187.7
11/03/2023,23:00:00,16.2,*,*,64.4,969.1,0.0,0.0,0.0,155.9
12/03/2023,23:00:00,14.8,*,*,82.8,968.5,6.7,143.9,0.0,67.3
13/03/2023,23:00:00,10.4,*,*,72.8,977.0,0.3,6.1,0.0,82.6
14/03/2023,23:00:00,9.9,*,*,66.9,977.0,0.0,0.0,0.0,137.3
15/03/2023,23:00:00,12.5,*,*,68.4,970.4,0.2,28.8,0.0,150.1
16/03/2023,23:00:00,11.3,*,*,85.3,969.3,8.6,461.6,0.0,96.2
17/03/2023,23:00:00,9.9,*,*,96.9,973.4,66.5,911.6,0.0,38.2
18/03/2023,23:00:00,10.0,*,*,79.2,978.7,2.8,38.1,0.0,83.3
19/03/2023,23:00:00,10.1,*,*,73.2,981.3,0.0,0.0,0.0,95.5
20/03/2023,23:00:00,12.0,*,*,79.4,980.7,0.0,0.0,0.0,177.3
21/03/2023,23:00:00,13.7,*,*,60.0,975.7,0.0,0.0,0.0,72.5
22/03/2023,23:00:00,14.1,*,*,74.7,972.8,0.0,0.0,0.0,178.8
23/03/2023,23:00:00,12.4,*,*,89.6,975.3,0.0,0.0,0.0,61.1
24/03/2023,23:00:00,12.2,*,*,86.5,977.2,0.0,0.0,0.0,88.0
25/03/2023,23:00:00,14.5,*,*,68.1,975.7,0.0,0.0,0.0,224.1
26/03/2023,23:00:00,16.0,*,*,64.0,974.0,0.0,0.0,0.0,242.9
27/03/2023,23:00:00,16.1,*,*,63.8,973.9,0.0,0.0,0.0,243.5
28/03/2023,23:00:00,13.7,*,*,68.7,975.1,0.2,28.8,0.0,160.6
29/03/2023,23:00:00,9.2,*,*,52.6,984.9,0.0,1.2,0.0,239.5
30/03/2023,23:00:00,10.9,*,*,57.1,986.6,0.0,0.0,0.0,241.3
31/03/2023,23:00:00,13.4,*,*,71.3,982.5,0.0,0.0,0.0,228.7
01/04/2023,23:00:00,16.9,*,*,46.7,977.0,0.0,0.0,0.0,211.5
02/04/2023,23:00:00,20.2,*,*,31.2,972.4,0.0,0.0,0.0,193.5
03/04/2023,23:00:00,18.8,*,*,47.0,965.3,2.5,115.1,0.0,141.8
04/04/2023,23:00:00,13.4,*,*,82.4,966.2,10.5,522.8,0.0,178.0
05/04/2023,23:00:00,13.6,*,*,72.4,975.9,0.4,22.1,0.0,235.8
06/04/2023,23:00:00,13.4,*,*,73.2,974.9,0.0,0.0,0.0,106.8
07/04/2023,23:00:00,11.6,*,*,75.8,976.9,0.0,0.0,0.0,156.5
08/04/2023,23:00:00,11.2,*,*,83.0,978.3,1.0,86.3,0.0,51.3
09/04/2023,23:00:00,11.6,*,*,82.9,977.4,0.0,3.7,0.0,65.1
10/04/2023,23:00:00,11.7,*,*,81.9,974.7,1.0,57.5,0.0,135.6
11/04/2023,23:00:00,9.9,*,*,89.1,972.5,14.4,376.5,0.0,85.4
12/04/2023,23:00:00,13.1,*,*,76.4,972.6,0.6,16.0,0.0,197.8
13/04/2023,23:00:00,15.3,*,*,70.6,974.8,0.0,0.0,0.0,251.5
14/04/2023,23:00:00,20.7,*,*,32.5,974.5,0.0,0.0,0.0,257.9
15/04/2023,23:00:00,18.0,*,*,64.2,974.6,0.2,28.8,0.0,242.6
16/04/2023,23:00:00,14.9,*,*,73.8,974.0,0.0,1.2,0.0,234.3
17/04/2023,23:00:00,15.6,*,*,76.4,971.6,0.0,0.0,0.0,252.9
18/04/2023,23:00:00,14.9,*,*,70.0,973.7,0.0,0.0,0.0,271.1
19/04/2023,23:00:00,14.2,*,*,76.0,975.3,0.0,0.0,0.0,185.9
20/04/2023,23:00:00,14.6,*,*,77.6,975.4,0.0,0.0,0.0,263.3
21/04/2023,23:00:00,14.7,*,*,71.1,974.0,0.2,28.8,0.0,142.1
22/04/2023,23:00:00,15.4,*,*,85.7,974.1,3.3,116.3,0.0,144.6
23/04/2023,23:00:00,14.4,*,*,88.3,976.6,0.1,4.9,0.0,130.0
24/04/2023,23:00:00,15.6,*,*,68.3,977.7,0.0,0.0,0.0,261.7
25/04/2023,23:00:00,17.8,*,*,48.2,975.4,0.0,0.0,0.0,256.3
26/04/2023,23:00:00,17.9,*,*,47.3,975.3,0.0,0.0,0.0,255.9
27/04/2023,23:00:00,14.5,*,*,72.2,974.4,0.0,0.0,0.0,254.2
28/04/2023,23:00:00,13.5,*,*,68.9,979.4,0.0,0.0,0.0,225.9
29/04/2023,23:00:00,14.4,*,*,71.2,978.7,0.0,0.0,0.0,269.0
30/04/2023,23:00:00,14.9,*,*,74.4,977.1,0.0,0.0,0.0,130.2
01/05/2023,23:00:00,14.3,*,*,72.8,978.1,0.6,86.3,0.0,79.4
02/05/2023,23:00:00,14.9,*,*,89.7,978.2,0.4,61.2,0.0,84.5
03/05/2023,23:00:00,17.0,*,*,75.6,977.7,0.0,2.5,0.0,153.8
04/05/2023,23:00:00,14.8,*,*,93.1,977.3,5.9,316.5,0.0,48.3
05/05/2023,23:00:00,14.6,*,*,92.8,974.5,2.9,243.7,0.0,205.8
06/05/2023,23:00:00,15.3,*,*,79.0,975.3,0.3,39.6,0.0,65.7
07/05/2023,23:00:00,16.6,*,*,66.0,978.9,0.0,1.3,0.0,251.7
08/05/2023,23:00:00,17.8,*,*,59.8,979.5,0.0,0.0,0.0,253.1
09/05/2023,23:00:00,17.3,*,*,62.7,976.8,0.0,0.0,0.0,179.9
10/05/2023,23:00:00,15.3,*,*,89.7,976.4,0.0,0.0,0.0,64.5
11/05/2023,23:00:00,14.5,*,*,90.3,977.2,0.0,0.0,0.0,45.4
12/05/2023,23:00:00,15.2,*,*,75.0,980.2,0.0,0.0,0.0,251.5
13/05/2023,23:00:00,16.1,*,*,81.1,983.1,0.0,0.0,0.0,272.1
14/05/2023,23:00:00,17.3,*,*,77.4,982.2,0.0,0.0,0.0,208.6
15/05/2023,23:00:00,19.9,*,*,73.3,976.0,0.0,0.0,0.0,245.7
16/05/2023,23:00:00,20.8,*,*,64.9,971.7,0.0,0.0,0.0,166.9
17/05/2023,23:00:00,17.3,*,*,75.0,973.9,0.0,0.0,0.0,256.8
18/05/2023,23:00:00,17.8,*,*,71.8,975.4,0.0,0.0,0.0,273.2
19/05/2023,23:00:00,17.9,*,*,76.6,977.5,0.0,0.0,0.0,276.9
20/05/2023,23:00:00,18.1,*,*,63.1,975.8,1.0,143.9,0.0,149.8
21/05/2023,23:00:00,16.2,*,*,88.9,970.4,2.5,121.2,0.0,69.8
22/05/2023,23:00:00,15.5,*,*,96.3,970.8,15.5,148.8,0.0,107.6
23/05/2023,23:00:00,16.7,*,*,86.5,973.6,3.7,63.7,0.0,193.2
24/05/2023,23:00:00,17.7,*,*,78.2,975.8,0.1,2.5,0.0,284.7
25/05/2023,23:00:00,18.6,*,*,72.9,976.1,0.0,0.0,0.0,274.2
26/05/2023,23:00:00,18.6,*,*,72.7,976.1,0.0,0.0,0.0,273.6
27/05/2023,23:00:00,18.0,*,*,90.1,972.0,0.8,86.3,0.0,121.9
28/05/2023,23:00:00,18.8,*,*,75.6,971.9,0.0,3.7,0.0,181.1
29/05/2023,23:00:00,18.9,*,*,71.5,973.4,0.0,0.0,0.0,249.6
30/05/2023,23:00:00,19.5,*,*,74.5,975.8,0.0,0.0,0.0,285.5
31/05/2023,23:00:00,18.6,*,*,87.4,975.8,0.0,0.0,0.0,132.4
01/06/2023,23:00:00,18.7,*,*,90.7,974.0,6.3,230.2,0.0,205.7
02/06/2023,23:00:00,16.5,*,*,98.8,973.2,11.0,412.6,0.0,81.6
03/06/2023,23:00:00,19.6,*,*,81.7,976.1,0.5,17.2,0.0,279.2
04/06/2023,23:00:00,20.6,*,*,64.9,978.9,0.0,0.0,0.0,288.7
05/06/2023,23:00:00,20.2,*,*,69.4,978.8,0.0,0.0,0.0,207.9
06/06/2023,23:00:00,19.9,*,*,76.4,977.1,0.0,0.0,0.0,213.5
07/06/2023,23:00:00,19.8,*,*,84.5,976.1,0.0,0.0,0.0,219.6
08/06/2023,23:00:00,20.1,*,*,83.3,974.4,0.0,0.0,0.0,228.4
09/06/2023,23:00:00,21.5,*,*,71.2,974.3,0.0,0.0,0.0,283.4
10/06/2023,23:00:00,22.6,*,*,68.5,972.7,0.0,0.0,0.0,272.8
11/06/2023,23:00:00,22.3,*,*,78.3,971.2,0.0,0.0,0.0,284.2
12/06/2023,23:00:00,22.0,*,*,74.3,970.6,0.0,0.0,0.0,278.6
13/06/2023,23:00:00,21.4,*,*,77.6,971.5,0.0,0.0,0.0,307.5
14/06/2023,23:00:00,21.2,*,*,75.8,974.3,0.0,0.0,0.0,292.0
15/06/2023,23:00:00,22.2,*,*,69.3,973.3,0.0,0.0,0.0,278.6
16/06/2023,23:00:00,22.3,*,*,78.7,968.5,0.0,0.0,0.0,217.0
17/06/2023,23:00:00,21.2,*,*,79.4,970.7,0.2,28.8,0.0,197.1
18/06/2023,23:00:00,20.8,*,*,83.7,973.6,0.0,1.2,0.0,188.6
19/06/2023,23:00:00,21.9,*,*,70.3,977.4,0.0,0.0,0.0,284.8
20/06/2023,23:00:00,23.3,*,*,64.4,978.1,0.0,0.0,0.0,291.1
21/06/2023,23:00:00,24.0,*,*,57.4,978.4,0.0,0.0,0.0,289.6
22/06/2023,23:00:00,24.0,*,*,62.3,978.6,0.0,0.0,0.0,292.7
23/06/2023,23:00:00,24.2,*,*,63.8,977.6,0.0,0.0,0.0,291.9
24/06/2023,23:00:00,24.4,*,*,52.1,976.5,0.0,0.0,0.0,299.5
25/06/2023,23:00:00,24.5,*,*,51.6,976.5,0.0,0.0,0.0,299.9
26/06/2023,23:00:00,24.2,*,*,67.9,972.3,0.0,0.0,0.0,285.7
27/06/2023,23:00:00,24.1,*,*,71.0,973.9,0.0,0.0,0.0,284.5
28/06/2023,23:00:00,24.9,*,*,64.9,975.2,0.0,0.0,0.0,291.0
29/06/2023,23:00:00,24.4,*,*,70.1,976.0,0.0,0.0,0.0,294.3
30/06/2023,23:00:00,23.4,*,*,77.8,976.3,0.0,0.0,0.0,276.6
01/07/2023,23:00:00,24.8,*,*,70.0,974.5,0.0,0.0,0.0,280.1
02/07/2023,23:00:00,28.2,*,*,43.6,972.5,0.0,0.0,0.0,283.7
03/07/2023,23:00:00,25.0,*,*,74.1,973.5,0.0,0.0,0.0,265.7
04/07/2023,23:00:00,25.0,*,*,74.3,975.2,0.0,0.0,0.0,284.4
05/07/2023,23:00:00,25.8,*,*,66.1,973.6,0.0,0.0,0.0,286.6
06/07/2023,23:00:00,26.1,*,*,63.2,973.0,0.0,0.0,0.0,283.5
07/07/2023,23:00:00,27.4,*,*,53.9,975.5,0.0,0.0,0.0,285.7
08/07/2023,23:00:00,27.3,*,*,57.5,976.7,0.0,0.0,0.0,283.9
09/07/2023,23:00:00,25.9,*,*,57.1,979.2,0.0,0.0,0.0,290.2
10/07/2023,23:00:00,25.0,*,*,57.8,979.4,0.0,0.0,0.0,292.2
11/07/2023,23:00:00,26.2,*,*,53.5,979.2,0.0,0.0,0.0,284.3
12/07/2023,23:00:00,26.4,*,*,57.8,979.8,0.0,0.0,0.0,282.3
13/07/2023,23:00:00,28.6,*,*,46.3,978.8,0.0,0.0,0.0,281.6
14/07/2023,23:00:00,30.2,*,*,42.7,976.3,0.0,0.0,0.0,285.5
15/07/2023,23:00:00,31.3,*,*,44.0,975.6,0.0,0.0,0.0,279.9
16/07/2023,23:00:00,28.8,*,*,58.6,975.9,0.0,0.0,0.0,282.0
17/07/2023,23:00:00,27.7,*,*,49.7,976.0,0.0,0.0,0.0,292.4
18/07/2023,23:00:00,27.7,*,*,48.8,974.8,0.0,0.0,0.0,290.0
19/07/2023,23:00:00,28.2,*,*,50.7,972.6,0.0,0.0,0.0,284.9
20/07/2023,23:00:00,28.9,*,*,45.4,971.7,0.0,0.0,0.0,284.7
21/07/2023,23:00:00,32.0,*,*,28.7,973.9,0.0,0.0,0.0,273.0
22/07/2023,23:00:00,31.1,*,*,39.4,977.1,0.0,0.0,0.0,273.0
23/07/2023,23:00:00,33.9,*,*,30.4,977.3,0.0,0.0,0.0,273.2
24/07/2023,23:00:00,31.3,*,*,40.4,976.1,0.0,0.0,0.0,278.3
25/07/2023,23:00:00,31.2,*,*,40.8,976.1,0.0,0.0,0.0,278.5
26/07/2023,23:00:00,34.4,*,*,26.2,971.3,0.0,0.0,0.0,267.8
27/07/2023,23:00:00,29.4,*,*,55.7,971.3,0.0,0.0,0.0,278.2
28/07/2023,23:00:00,26.5,*,*,55.6,975.7,0.0,0.0,0.0,281.7
29/07/2023,23:00:00,25.6,*,*,61.9,974.6,0.0,0.0,0.0,273.4
30/07/2023,23:00:00,26.3,*,*,53.0,973.3,0.0,0.0,0.0,280.5
31/07/2023,23:00:00,27.7,*,*,45.8,970.8,0.0,0.0,0.0,275.4
01/08/2023,23:00:00,27.0,*,*,58.6,971.3,0.0,0.0,0.0,270.7
02/08/2023,23:00:00,27.2,*,*,56.0,972.9,0.0,0.0,0.0,271.2
03/08/2023,23:00:00,27.2,*,*,56.9,973.9,0.0,0.0,0.0,277.8
04/08/2023,23:00:00,26.6,*,*,60.2,973.4,0.0,0.0,0.0,278.5
05/08/2023,23:00:00,27.7,*,*,51.3,971.3,0.0,0.0,0.0,275.8
06/08/2023,23:00:00,27.0,*,*,63.4,971.6,0.0,0.0,0.0,281.0
07/08/2023,23:00:00,25.7,*,*,68.0,973.0,0.0,0.0,0.0,275.6
08/08/2023,23:00:00,25.3,*,*,74.8,972.5,0.0,0.0,0.0,276.2
09/08/2023,23:00:00,24.8,*,*,67.3,975.3,0.0,0.0,0.0,262.8
10/08/2023,23:00:00,24.9,*,*,59.0,976.7,0.0,0.0,0.0,269.7
11/08/2023,23:00:00,24.2,*,*,72.0,977.9,0.0,0.0,0.0,232.1
12/08/2023,23:00:00,24.0,*,*,64.5,977.2,0.0,0.0,0.0,232.5
13/08/2023,23:00:00,23.6,*,*,70.6,976.0,0.0,0.0,0.0,163.9
14/08/2023,23:00:00,24.1,*,*,74.7,976.9,0.0,0.0,0.0,155.6
15/08/2023,23:00:00,25.2,*,*,68.2,977.1,0.0,0.0,0.0,224.3
16/08/2023,23:00:00,26.0,*,*,64.9,975.5,0.0,0.0,0.0,258.2
17/08/2023,23:00:00,27.0,*,*,59.8,973.6,0.0,0.0,0.0,255.4
18/08/2023,23:00:00,26.6,*,*,62.0,973.5,0.0,0.0,0.0,255.6
19/08/2023,23:00:00,26.8,*,*,60.5,973.9,0.0,0.0,0.0,252.1
20/08/2023,23:00:00,26.4,*,*,59.6,974.1,0.0,0.0,0.0,253.7
21/08/2023,23:00:00,26.2,*,*,63.0,973.5,0.0,0.0,0.0,252.2
22/08/2023,23:00:00,26.3,*,*,63.5,973.2,0.0,0.0,0.0,254.3
23/08/2023,23:00:00,26.3,*,*,65.1,974.0,0.0,0.0,0.0,253.6
24/08/2023,23:00:00,26.3,*,*,65.1,974.1,0.0,0.0,0.0,253.6
25/08/2023,23:00:00,27.8,*,*,49.3,975.2,0.0,0.0,0.0,242.5
26/08/2023,23:00:00,27.7,*,*,51.4,973.9,0.0,0.0,0.0,241.4
27/08/2023,23:00:00,27.1,*,*,52.6,973.0,0.0,0.0,0.0,243.9
28/08/2023,23:00:00,27.6,*,*,59.5,972.7,0.0,0.0,0.0,243.9
29/08/2023,23:00:00,29.2,*,*,44.3,970.6,0.0,0.0,0.0,237.3
30/08/2023,23:00:00,25.7,*,*,66.3,972.6,0.0,0.0,0.0,244.8
31/08/2023,23:00:00,25.4,*,*,66.7,977.2,0.0,0.0,0.0,243.0
01/09/2023,23:00:00,25.0,*,*,65.5,978.5,0.0,0.0,0.0,207.8
02/09/2023,23:00:00,24.3,*,*,62.3,978.6,0.0,0.0,0.0,232.5
03/09/2023,23:00:00,24.2,*,*,66.8,977.7,0.0,0.0,0.0,182.1
04/09/2023,23:00:00,23.8,*,*,66.2,972.2,0.0,0.0,0.0,194.2
05/09/2023,23:00:00,21.1,*,*,89.4,969.0,7.5,172.6,0.0,64.3
06/09/2023,23:00:00,21.5,*,*,89.6,971.7,16.0,352.6,0.0,196.1
07/09/2023,23:00:00,23.6,*,*,88.3,972.9,0.9,43.5,0.0,166.7
08/09/2023,23:00:00,22.1,*,*,97.5,973.2,2.5,260.2,0.0,20.4
09/09/2023,23:00:00,21.3,*,*,93.6,974.1,1.1,68.6,0.0,19.8
10/09/2023,23:00:00,20.6,*,*,88.9,974.0,0.6,88.8,0.0,20.8
11/09/2023,23:00:00,20.7,*,*,85.1,973.6,0.0,3.7,0.0,56.8
12/09/2023,23:00:00,21.0,*,*,76.6,976.9,0.0,0.0,0.0,172.2
13/09/2023,23:00:00,21.6,*,*,60.9,979.0,0.0,0.0,0.0,229.8
14/09/2023,23:00:00,23.1,*,*,49.6,978.5,0.0,0.0,0.0,233.1
15/09/2023,23:00:00,24.8,*,*,43.7,978.3,0.0,0.0,0.0,223.3
16/09/2023,23:00:00,24.2,*,*,56.1,978.5,0.0,0.0,0.0,217.1
17/09/2023,23:00:00,23.2,*,*,67.8,978.7,0.0,0.0,0.0,198.3
18/09/2023,23:00:00,22.0,*,*,71.7,977.6,0.0,0.0,0.0,139.2
19/09/2023,23:00:00,21.4,*,*,69.2,977.6,0.0,0.0,0.0,146.2
20/09/2023,23:00:00,22.1,*,*,61.7,978.6,0.0,0.0,0.0,214.5
21/09/2023,23:00:00,23.3,*,*,56.1,978.5,0.0,0.0,0.0,200.5
22/09/2023,23:00:00,25.2,*,*,50.4,979.3,0.0,0.0,0.0,198.8
23/09/2023,23:00:00,25.3,*,*,50.2,979.4,0.0,0.0,0.0,198.7
24/09/2023,23:00:00,27.7,*,*,39.1,976.2,0.0,0.0,0.0,200.9
25/09/2023,23:00:00,24.5,*,*,62.3,974.3,0.0,0.0,0.0,198.5
26/09/2023,23:00:00,21.7,*,*,73.8,973.4,0.0,0.0,0.0,131.6
27/09/2023,23:00:00,20.3,*,*,80.4,973.3,0.6,28.8,0.0,84.3
28/09/2023,23:00:00,19.7,*,*,90.1,976.4,2.7,202.6,0.0,71.6
29/09/2023,23:00:00,19.4,*,*,95.1,979.3,8.0,152.5,0.0,75.3
30/09/2023,23:00:00,20.5,*,*,82.4,979.6,0.5,34.9,0.0,192.2
01/10/2023,23:00:00,20.8,*,*,74.4,979.6,0.0,1.2,0.0,190.2
02/10/2023,23:00:00,20.9,*,*,68.4,980.9,0.0,0.0,0.0,155.6
03/10/2023,23:00:00,20.0,*,*,73.7,983.0,0.2,28.8,0.0,122.5
04/10/2023,23:00:00,19.4,*,*,75.5,983.8,0.0,1.2,0.0,132.6
05/10/2023,23:00:00,19.0,*,*,68.9,983.7,0.0,0.0,0.0,162.6
06/10/2023,23:00:00,19.5,*,*,68.1,982.5,0.0,0.0,0.0,183.2
07/10/2023,23:00:00,19.8,*,*,77.8,981.9,0.0,0.0,0.0,107.0
08/10/2023,23:00:00,19.6,*,*,76.7,980.5,0.0,0.0,0.0,177.3
09/10/2023,23:00:00,20.6,*,*,63.4,980.8,0.0,0.0,0.0,192.0
10/10/2023,23:00:00,21.0,*,*,60.6,980.7,0.0,0.0,0.0,181.3
11/10/2023,23:00:00,19.5,*,*,67.6,981.8,0.0,0.0,0.0,167.5
12/10/2023,23:00:00,17.4,*,*,83.5,982.5,3.5,258.9,0.0,35.9
13/10/2023,23:00:00,17.6,*,*,81.6,982.6,0.1,11.1,0.0,161.9
14/10/2023,23:00:00,18.5,*,*,65.9,979.2,0.0,0.0,0.0,181.5
15/10/2023,23:00:00,20.8,*,*,77.2,976.0,0.0,0.0,0.0,146.5
16/10/2023,23:00:00,21.4,*,*,75.3,976.2,0.0,0.0,0.0,173.9
17/10/2023,23:00:00,20.1,*,*,86.2,979.7,0.0,0.0,0.0,160.5
18/10/2023,23:00:00,22.6,*,*,59.3,978.1,1.2,28.8,0.0,168.1
19/10/2023,23:00:00,19.0,*,*,93.2,978.4,0.3,31.0,0.0,127.4
20/10/2023,23:00:00,20.5,*,*,73.9,978.6,0.0,1.3,0.0,154.4
21/10/2023,23:00:00,21.4,*,*,67.4,979.8,0.0,0.0,0.0,165.4
22/10/2023,23:00:00,21.9,*,*,61.6,980.4,0.0,0.0,0.0,156.2
23/10/2023,23:00:00,21.9,*,*,61.3,980.4,0.0,0.0,0.0,155.8
24/10/2023,23:00:00,19.9,*,*,81.9,978.7,0.0,0.0,0.0,164.9
25/10/2023,23:00:00,21.9,*,*,55.7,977.0,0.0,0.0,0.0,130.6
26/10/2023,23:00:00,23.4,*,*,48.6,974.2,0.0,0.0,0.0,93.7
27/10/2023,23:00:00,23.3,*,*,65.6,973.9,0.0,0.0,0.0,157.7
28/10/2023,23:00:00,22.2,*,*,74.0,975.7,0.0,0.0,0.0,121.9
29/10/2023,23:00:00,20.6,*,*,79.3,977.8,0.0,0.0,0.0,127.7
30/10/2023,23:00:00,19.8,*,*,88.0,979.9,0.0,0.0,0.0,121.0
31/10/2023,23:00:00,19.4,*,*,73.8,980.3,0.0,0.0,0.0,152.5
01/11/2023,23:00:00,21.7,*,*,66.2,978.3,0.0,0.0,0.0,119.2
02/11/2023,23:00:00,23.2,*,*,49.3,975.9,0.0,0.0,0.0,132.5
03/11/2023,23:00:00,25.0,*,*,41.5,973.8,0.0,0.0,0.0,135.9
04/11/2023,23:00:00,25.4,*,*,50.7,971.9,0.0,0.0,0.0,137.1
05/11/2023,23:00:00,20.9,*,*,68.7,975.8,0.0,0.0,0.0,115.1
06/11/2023,23:00:00,21.5,*,*,71.2,979.2,0.0,0.0,0.0,98.3
07/11/2023,23:00:00,19.7,*,*,79.4,982.2,0.0,0.0,0.0,132.5
08/11/2023,23:00:00,18.7,*,*,71.3,981.1,0.0,0.0,0.0,127.9
09/11/2023,23:00:00,19.7,*,*,77.7,980.1,0.0,0.0,0.0,123.6
10/11/2023,23:00:00,19.5,*,*,78.6,980.0,0.0,0.0,0.0,91.7
11/11/2023,23:00:00,21.5,*,*,67.6,976.8,0.0,0.0,0.0,116.5
12/11/2023,23:00:00,19.9,*,*,77.3,978.1,6.1,28.8,0.0,116.7
13/11/2023,23:00:00,18.3,*,*,84.2,977.9,13.7,202.6,0.0,60.5
14/11/2023,23:00:00,17.9,*,*,77.1,980.7,0.6,8.6,0.0,129.1
15/11/2023,23:00:00,19.5,*,*,75.3,977.7,0.0,0.0,0.0,130.7
16/11/2023,23:00:00,18.9,*,*,84.7,979.1,0.0,0.0,0.0,113.1
17/11/2023,23:00:00,18.7,*,*,77.0,978.8,0.0,0.0,0.0,124.5
18/11/2023,23:00:00,17.0,*,*,74.6,972.8,1.7,115.1,0.0,38.2
19/11/2023,23:00:00,12.1,*,*,62.9,976.7,0.1,4.9,0.0,88.7
20/11/2023,23:00:00,14.2,*,*,69.6,978.8,0.0,0.0,0.0,129.7
21/11/2023,23:00:00,17.6,*,*,74.1,976.8,0.0,0.0,0.0,78.9
22/11/2023,23:00:00,17.7,*,*,74.3,976.8,0.0,0.0,0.0,76.7
23/11/2023,23:00:00,17.2,*,*,77.7,977.3,0.0,0.0,0.0,91.7
24/11/2023,23:00:00,16.9,*,*,72.8,971.9,0.0,0.0,0.0,94.0
25/11/2023,23:00:00,16.7,*,*,76.0,960.2,17.3,460.3,0.0,95.3
26/11/2023,23:00:00,11.3,*,*,75.0,968.0,12.2,423.4,0.0,41.0
27/11/2023,23:00:00,10.6,*,*,61.2,981.0,0.5,17.2,0.0,106.2
28/11/2023,23:00:00,14.5,*,*,77.9,975.8,5.4,258.9,0.0,73.0
29/11/2023,23:00:00,16.9,*,*,79.0,973.9,4.4,212.5,0.0,94.1
30/11/2023,23:00:00,17.1,*,*,79.4,979.5,0.2,8.6,0.0,108.1
01/12/2023,23:00:00,17.4,*,*,72.4,982.7,0.0,0.0,0.0,120.6
02/12/2023,23:00:00,19.3,*,*,48.0,980.4,0.0,0.0,0.0,93.2
03/12/2023,23:00:00,18.2,*,*,51.8,978.0,0.0,0.0,0.0,84.5
04/12/2023,23:00:00,16.2,*,*,69.3,978.7,0.0,0.0,0.0,86.1
05/12/2023,23:00:00,15.2,*,*,81.9,977.8,0.0,0.0,0.0,77.0
06/12/2023,23:00:00,14.5,*,*,83.9,974.2,9.0,287.7,0.0,75.6
07/12/2023,23:00:00,13.9,*,*,79.4,975.5,4.0,156.1,0.0,46.0
08/12/2023,23:00:00,11.8,*,*,76.5,974.6,2.6,63.7,0.0,113.0
09/12/2023,23:00:00,10.9,*,*,78.4,975.5,0.1,2.5,0.0,47.9
10/12/2023,23:00:00,11.6,*,*,81.8,977.3,0.0,0.0,0.0,119.5
11/12/2023,23:00:00,12.7,*,*,84.0,975.8,5.2,201.4,0.0,60.1
12/12/2023,23:00:00,14.0,*,*,83.8,978.8,0.2,8.6,0.0,84.0
13/12/2023,23:00:00,16.7,*,*,76.7,978.4,0.0,0.0,0.0,114.6
14/12/2023,23:00:00,20.0,*,*,45.5,977.3,0.0,0.0,0.0,95.6
15/12/2023,23:00:00,19.7,*,*,46.9,976.1,0.0,0.0,0.0,114.7
16/12/2023,23:00:00,15.5,*,*,77.1,979.1,3.5,143.9,0.0,111.8
17/12/2023,23:00:00,10.7,*,*,92.9,990.8,27.6,582.5,0.0,16.9
18/12/2023,23:00:00,10.9,*,*,84.5,989.8,2.5,198.2,0.0,27.5
19/12/2023,23:00:00,12.5,*,*,81.8,985.3,0.1,7.4,0.0,48.1
20/12/2023,23:00:00,12.8,*,*,78.8,977.4,8.8,57.5,0.0,59.0
21/12/2023,23:00:00,11.7,*,*,95.0,969.0,18.6,492.5,0.0,48.1
22/12/2023,23:00:00,11.6,*,*,95.7,968.6,0.8,20.9,0.0,47.6
23/12/2023,23:00:00,14.5,*,*,79.1,973.4,0.0,3.7,0.0,122.7
24/12/2023,23:00:00,14.4,*,*,82.6,978.9,0.0,0.0,0.0,91.2
25/12/2023,23:00:00,14.9,*,*,76.7,981.7,0.0,0.0,0.0,115.4
26/12/2023,23:00:00,15.0,*,*,75.4,982.6,0.0,0.0,0.0,30.8
27/12/2023,23:00:00,14.0,*,*,81.2,984.0,0.0,0.0,0.0,83.1
28/12/2023,23:00:00,13.3,*,*,88.2,987.7,0.0,0.0,0.0,66.0
29/12/2023,23:00:00,13.1,*,*,81.3,985.5,0.0,0.0,0.0,100.7
30/12/2023,23:00:00,14.1,*,*,75.4,983.2,0.0,0.0,0.0,38.5
31/12/2023,23:00:00,14.1,*,*,78.7,982.2,0.0,0.0,0.0,72.0
01/01/2024,23:00:00,14.9,*,*,78.6,981.3,0.6,57.5,0.0,78.3
02/01/2024,23:00:00,14.9,*,*,80.3,981.1,0.0,2.5,0.0,44.7
03/01/2024,23:00:00,14.6,*,*,76.6,980.4,0.0,0.0,0.0,85.4
04/01/2024,23:00:00,15.6,*,*,75.9,978.0,0.0,0.0,0.0,63.6
05/01/2024,23:00:00,15.1,*,*,82.2,980.3,0.0,0.0,0.0,104.5
06/01/2024,23:00:00,16.3,*,*,61.0,976.3,0.0,0.0,0.0,120.2
07/01/2024,23:00:00,14.2,*,*,76.9,971.0,8.8,345.2,0.0,56.5
08/01/2024,23:00:00,13.2,*,*,78.9,973.6,1.6,188.3,0.0,93.3
09/01/2024,23:00:00,10.4,*,*,91.6,972.6,18.5,640.4,0.0,55.6
10/01/2024,23:00:00,8.3,*,*,84.1,982.3,2.5,170.9,0.0,36.6
11/01/2024,23:00:00,8.8,*,*,80.0,982.6,0.3,34.9,0.0,74.0
12/01/2024,23:00:00,11.0,*,*,89.5,973.7,27.6,548.8,0.0,31.8
13/01/2024,23:00:00,8.3,*,*,86.6,976.7,18.1,599.8,0.0,52.5
14/01/2024,23:00:00,9.8,*,*,73.2,978.8,0.7,24.6,0.0,86.4
15/01/2024,23:00:00,12.2,*,*,79.4,976.5,3.6,230.2,0.0,53.3
16/01/2024,23:00:00,14.9,*,*,80.3,974.7,0.2,9.8,0.0,52.2
17/01/2024,23:00:00,14.8,*,*,79.0,979.5,0.0,0.0,0.0,120.1
18/01/2024,23:00:00,16.7,*,*,63.6,978.4,0.0,0.0,0.0,126.9
19/01/2024,23:00:00,18.2,*,*,47.6,976.6,0.0,0.0,0.0,121.9
20/01/2024,23:00:00,18.1,*,*,47.9,975.9,0.0,0.0,0.0,62.6
21/01/2024,23:00:00,18.1,*,*,47.9,975.8,0.0,0.0,0.0,60.0
22/01/2024,23:00:00,7.6,*,*,86.2,985.6,4.4,343.5,0.0,26.8
23/01/2024,23:00:00,7.9,*,*,81.1,984.7,1.7,186.1,0.0,65.4
24/01/2024,23:00:00,9.1,*,*,79.5,984.0,0.4,36.1,0.0,18.0
25/01/2024,23:00:00,10.8,*,*,72.8,982.7,0.0,1.2,0.0,122.2
26/01/2024,23:00:00,11.1,*,*,70.3,982.3,0.0,0.0,0.0,99.6
27/01/2024,23:00:00,11.1,*,*,62.7,984.2,0.0,0.0,0.0,135.8
28/01/2024,23:00:00,8.8,*,*,79.6,985.6,11.5,287.7,0.0,46.0
29/01/2024,23:00:00,6.5,*,*,79.6,988.3,10.5,501.4,0.0,57.9
30/01/2024,23:00:00,5.4,*,*,87.1,986.7,7.0,482.2,0.0,50.9
31/01/2024,23:00:00,6.3,*,*,93.3,985.6,19.3,797.5,0.0,17.7
01/02/2024,23:00:00,7.6,*,*,83.5,986.4,2.9,177.1,0.0,18.3
02/02/2024,23:00:00,8.9,*,*,72.0,983.3,0.1,6.1,0.0,139.3
03/02/2024,23:00:00,9.3,*,*,78.0,984.7,0.0,0.0,0.0,83.3
04/02/2024,23:00:00,11.3,*,*,78.5,985.0,0.0,0.0,0.0,127.8
05/02/2024,23:00:00,13.7,*,*,71.3,985.7,0.0,0.0,0.0,145.4
06/02/2024,23:00:00,14.2,*,*,67.8,985.5,0.0,0.0,0.0,151.4
07/02/2024,23:00:00,15.6,*,*,61.8,981.4,0.0,0.0,0.0,157.5
08/02/2024,23:00:00,14.8,*,*,69.1,977.9,0.2,28.8,0.0,143.2
09/02/2024,23:00:00,14.0,*,*,72.6,977.5,0.0,1.2,0.0,146.5
10/02/2024,23:00:00,15.2,*,*,60.9,978.4,0.0,0.0,0.0,152.3
11/02/2024,23:00:00,17.5,*,*,41.0,974.9,0.0,0.0,0.0,116.9
12/02/2024,23:00:00,14.8,*,*,67.5,971.3,0.6,57.5,0.0,83.7
13/02/2024,23:00:00,12.5,*,*,76.8,971.5,0.4,60.0,0.0,142.5
14/02/2024,23:00:00,11.4,*,*,83.8,973.0,1.9,117.5,0.0,56.3
15/02/2024,23:00:00,9.7,*,*,88.8,976.7,9.7,378.9,0.0,40.9
16/02/2024,23:00:00,9.3,*,*,96.5,980.1,25.0,764.0,0.0,20.3
17/02/2024,23:00:00,10.0,*,*,91.9,985.1,4.1,406.0,0.0,28.3
18/02/2024,23:00:00,11.0,*,*,78.1,987.7,0.1,16.0,0.0,105.8
19/02/2024,23:00:00,11.4,*,*,76.2,985.3,0.0,0.0,0.0,134.3
20/02/2024,23:00:00,11.4,*,*,76.2,985.2,0.0,0.0,0.0,135.4
21/02/2024,23:00:00,11.2,*,*,81.8,983.3,0.2,28.8,0.0,64.5
22/02/2024,23:00:00,12.1,*,*,78.0,983.0,0.0,1.2,0.0,103.1
23/02/2024,23:00:00,14.1,*,*,66.8,982.1,0.0,0.0,0.0,157.5
24/02/2024,23:00:00,14.0,*,*,74.0,982.9,0.0,0.0,0.0,177.1
25/02/2024,23:00:00,15.7,*,*,58.3,976.4,8.2,57.5,0.0,104.1
26/02/2024,23:00:00,12.6,*,*,88.3,968.0,17.8,722.7,0.0,56.3
27/02/2024,23:00:00,13.0,*,*,96.4,976.5,1.7,145.9,0.0,92.2
28/02/2024,23:00:00,13.9,*,*,84.4,978.9,0.0,4.9,0.0,126.3
29/02/2024,23:00:00,16.4,*,*,54.4,976.0,0.0,0.0,0.0,88.1
01/03/2024,23:00:00,16.0,*,*,59.2,971.7,0.4,57.5,0.0,112.2
02/03/2024,23:00:00,13.2,*,*,84.1,974.9,3.7,261.4,0.0,81.7
03/03/2024,23:00:00,13.6,*,*,78.5,977.0,0.2,11.1,0.0,184.7
04/03/2024,23:00:00,14.3,*,*,69.9,974.8,0.0,0.0,0.0,190.6
05/03/2024,23:00:00,12.4,*,*,82.6,972.5,8.1,460.3,0.0,95.9
06/03/2024,23:00:00,12.6,*,*,84.3,977.7,2.5,163.5,0.0,142.8
07/03/2024,23:00:00,12.9,*,*,80.1,979.4,0.1,6.1,0.0,166.4
08/03/2024,23:00:00,12.3,*,*,72.7,979.1,0.0,0.0,0.0,126.7
09/03/2024,23:00:00,11.6,*,*,73.5,980.3,0.0,0.0,0.0,191.1
10/03/2024,23:00:00,12.1,*,*,74.7,981.3,0.0,0.0,0.0,181.7
11/03/2024,23:00:00,15.5,*,*,58.6,980.2,0.0,0.0,0.0,203.1
12/03/2024,23:00:00,17.2,*,*,56.2,977.0,0.0,0.0,0.0,197.4
13/03/2024,23:00:00,13.8,*,*,71.5,976.8,0.6,28.8,0.0,191.3
14/03/2024,23:00:00,12.7,*,*,79.2,977.3,0.6,58.8,0.0,147.6
15/03/2024,23:00:00,13.3,*,*,78.1,979.1,0.0,2.5,0.0,217.2
16/03/2024,23:00:00,12.8,*,*,81.8,980.0,6.7,115.1,0.0,104.3
17/03/2024,23:00:00,12.3,*,*,82.1,979.1,1.1,62.5,0.0,121.6
18/03/2024,23:00:00,12.3,*,*,82.0,977.5,0.0,2.5,0.0,112.3
19/03/2024,23:00:00,14.0,*,*,81.3,974.9,0.6,28.8,0.0,154.5
20/03/2024,23:00:00,12.2,*,*,86.5,977.4,0.2,30.0,0.0,30.6
21/03/2024,23:00:00,12.1,*,*,86.8,977.5,0.0,1.2,0.0,25.3
22/03/2024,23:00:00,12.9,*,*,78.4,977.9,0.0,0.0,0.0,183.9
23/03/2024,23:00:00,11.5,*,*,72.1,977.4,0.0,0.0,0.0,171.3
24/03/2024,23:00:00,12.6,*,*,72.0,976.2,0.0,0.0,0.0,163.5
25/03/2024,23:00:00,16.0,*,*,70.5,973.1,0.0,0.0,0.0,198.4
26/03/2024,23:00:00,19.5,*,*,53.5,974.4,0.0,0.0,0.0,169.6
27/03/2024,23:00:00,25.0,*,*,24.2,970.6,0.0,0.0,0.0,211.4
28/03/2024,23:00:00,18.5,*,*,61.7,973.8,0.0,0.0,0.0,152.0
29/03/2024,23:00:00,17.1,*,*,65.8,979.2,0.0,0.0,0.0,233.5
30/03/2024,23:00:00,17.5,*,*,62.8,980.6,0.0,0.0,0.0,236.2
31/03/2024,23:00:00,18.4,*,*,64.3,982.1,0.0,0.0,0.0,247.3
01/04/2024,23:00:00,20.1,*,*,48.6,981.9,0.0,0.0,0.0,233.3
02/04/2024,23:00:00,22.9,*,*,30.9,978.8,0.0,0.0,0.0,227.8
03/04/2024,23:00:00,19.3,*,*,48.9,978.0,0.0,0.0,0.0,249.3
04/04/2024,23:00:00,16.2,*,*,58.2,978.8,0.0,0.0,0.0,238.2
05/04/2024,23:00:00,17.0,*,*,61.1,981.4,0.0,0.0,0.0,252.0
06/04/2024,23:00:00,18.1,*,*,45.9,982.1,0.0,0.0,0.0,251.4
07/04/2024,23:00:00,19.0,*,*,49.4,978.1,0.0,0.0,0.0,255.1
08/04/2024,23:00:00,14.8,*,*,76.8,977.5,0.0,0.0,0.0,137.9
09/04/2024,23:00:00,15.6,*,*,67.1,978.1,0.0,0.0,0.0,210.6
10/04/2024,23:00:00,17.2,*,*,54.6,978.3,0.0,0.0,0.0,259.8
11/04/2024,23:00:00,16.8,*,*,61.5,980.5,0.0,0.0,0.0,254.5
12/04/2024,23:00:00,16.2,*,*,78.0,982.0,0.0,0.0,0.0,163.7
13/04/2024,23:00:00,18.2,*,*,65.9,982.6,0.0,0.0,0.0,247.9
14/04/2024,23:00:00,20.4,*,*,53.4,982.9,0.0,0.0,0.0,256.0
15/04/2024,23:00:00,20.6,*,*,50.0,981.1,0.0,0.0,0.0,264.2
16/04/2024,23:00:00,21.1,*,*,38.5,974.7,0.0,0.0,0.0,146.9
17/04/2024,23:00:00,20.8,*,*,52.0,964.8,0.0,0.0,0.0,213.5
18/04/2024,23:00:00,17.4,*,*,68.8,970.9,0.0,0.0,0.0,197.5
19/04/2024,23:00:00,17.1,*,*,73.4,971.8,7.3,143.9,0.0,202.5
20/04/2024,23:00:00,17.1,*,*,73.6,971.8,0.3,6.1,0.0,202.8
21/04/2024,23:00:00,16.0,*,*,61.8,975.4,0.2,7.4,0.0,208.2
22/04/2024,23:00:00,18.4,*,*,66.0,974.7,0.0,0.0,0.0,154.3
23/04/2024,23:00:00,28.8,*,*,23.3,967.9,1.9,86.3,0.0,148.3
24/04/2024,23:00:00,18.5,*,*,65.1,969.9,0.1,3.7,0.0,225.9
25/04/2024,23:00:00,16.8,*,*,59.7,971.0,0.0,0.0,0.0,208.6
26/04/2024,23:00:00,15.1,*,*,70.6,975.3,0.0,0.0,0.0,262.7
27/04/2024,23:00:00,15.4,*,*,67.7,976.5,0.0,0.0,0.0,277.4
28/04/2024,23:00:00,17.4,*,*,61.2,979.2,0.0,0.0,0.0,280.1
29/04/2024,23:00:00,16.5,*,*,80.9,979.8,0.0,0.0,0.0,151.0
30/04/2024,23:00:00,16.0,*,*,80.5,979.2,0.0,0.0,0.0,168.2
01/05/2024,23:00:00,16.8,*,*,83.5,977.1,0.0,0.0,0.0,148.3
02/05/2024,23:00:00,17.7,*,*,80.1,974.8,0.0,0.0,0.0,262.9
03/05/2024,23:00:00,18.5,*,*,69.9,975.5,0.0,0.0,0.0,245.8
04/05/2024,23:00:00,16.0,*,*,72.8,973.2,0.0,0.0,0.0,164.8
05/05/2024,23:00:00,14.4,*,*,90.8,975.6,4.5,202.4,0.0,130.3
06/05/2024,23:00:00,17.1,*,*,56.2,978.5,0.2,8.6,0.0,283.6
07/05/2024,23:00:00,18.8,*,*,55.6,978.2,0.0,0.0,0.0,282.5
08/05/2024,23:00:00,17.9,*,*,65.8,976.3,0.0,0.0,0.0,227.3
09/05/2024,23:00:00,17.4,*,*,82.5,972.5,0.2,28.8,0.0,145.1
10/05/2024,23:00:00,16.0,*,*,92.8,968.4,4.8,231.4,0.0,46.3
11/05/2024,23:00:00,15.4,*,*,81.0,975.2,0.4,38.6,0.0,110.1
12/05/2024,23:00:00,16.5,*,*,65.3,978.1,0.0,1.2,0.0,280.1
13/05/2024,23:00:00,18.1,*,*,69.1,978.0,0.0,0.0,0.0,283.5
14/05/2024,23:00:00,16.8,*,*,81.0,977.3,0.2,28.8,0.0,205.1
15/05/2024,23:00:00,18.0,*,*,74.5,977.1,0.0,1.2,0.0,236.1
16/05/2024,23:00:00,18.7,*,*,84.8,978.9,0.0,0.0,0.0,256.1
17/05/2024,23:00:00,21.5,*,*,77.6,977.9,0.0,0.0,0.0,199.1
18/05/2024,23:00:00,24.4,*,*,67.4,977.7,0.0,0.0,0.0,173.7
19/05/2024,23:00:00,22.6,*,*,76.5,973.5,0.0,0.0,0.0,208.2
20/05/2024,23:00:00,22.5,*,*,76.9,973.3,0.0,0.0,0.0,209.8
21/05/2024,23:00:00,22.4,*,*,76.0,975.3,0.0,0.0,0.0,234.8
22/05/2024,23:00:00,26.0,*,*,49.0,974.3,0.0,0.0,0.0,238.3
23/05/2024,23:00:00,21.9,*,*,56.5,976.8,0.0,0.0,0.0,291.1
24/05/2024,23:00:00,21.7,*,*,59.3,977.7,0.0,0.0,0.0,292.9
25/05/2024,23:00:00,21.7,*,*,56.3,976.4,0.0,0.0,0.0,257.8
26/05/2024,23:00:00,19.2,*,*,75.7,974.9,1.2,57.5,0.0,200.1
27/05/2024,23:00:00,17.5,*,*,77.9,976.7,0.0,2.5,0.0,110.4
28/05/2024,23:00:00,19.4,*,*,57.9,977.0,0.0,0.0,0.0,287.6
29/05/2024,23:00:00,20.2,*,*,65.0,975.7,0.0,0.0,0.0,291.7
30/05/2024,23:00:00,21.2,*,*,70.6,974.2,0.0,0.0,0.0,281.4
31/05/2024,23:00:00,20.4,*,*,77.8,975.7,0.0,0.0,0.0,286.3
01/06/2024,23:00:00,21.3,*,*,73.6,978.7,0.0,0.0,0.0,290.6
02/06/2024,23:00:00,22.2,*,*,68.1,978.4,0.0,0.0,0.0,287.2
03/06/2024,23:00:00,25.0,*,*,52.0,976.8,0.0,0.0,0.0,260.3
04/06/2024,23:00:00,29.8,*,*,31.0,975.2,0.0,0.0,0.0,277.2
05/06/2024,23:00:00,30.1,*,*,37.7,975.1,0.0,0.0,0.0,266.2
06/06/2024,23:00:00,27.8,*,*,47.9,974.5,0.0,0.0,0.0,169.7
07/06/2024,23:00:00,25.1,*,*,66.3,974.4,0.0,0.0,0.0,285.0
08/06/2024,23:00:00,25.6,*,*,56.8,974.3,0.0,0.0,0.0,291.6
09/06/2024,23:00:00,26.2,*,*,43.5,973.8,0.0,0.0,0.0,295.0
10/06/2024,23:00:00,28.3,*,*,40.7,974.3,0.0,0.0,0.0,284.6
11/06/2024,23:00:00,30.5,*,*,27.9,974.9,0.0,0.0,0.0,280.4
12/06/2024,23:00:00,33.8,*,*,18.5,976.0,0.0,0.0,0.0,278.2
13/06/2024,23:00:00,35.0,*,*,20.3,976.7,0.0,0.0,0.0,276.4
14/06/2024,23:00:00,33.2,*,*,25.0,974.3,0.0,0.0,0.0,221.0
15/06/2024,23:00:00,25.1,*,*,57.0,973.4,0.0,0.0,0.0,297.9
16/06/2024,23:00:00,24.7,*,*,59.9,973.7,0.0,0.0,0.0,291.9
17/06/2024,23:00:00,26.6,*,*,49.0,975.6,0.0,0.0,0.0,284.3
18/06/2024,23:00:00,27.9,*,*,41.0,976.6,0.0,0.0,0.0,291.9
19/06/2024,23:00:00,27.9,*,*,40.7,976.6,0.0,0.0,0.0,292.2
20/06/2024,23:00:00,27.1,*,*,45.9,975.3,0.0,0.0,0.0,300.4
21/06/2024,23:00:00,26.2,*,*,58.0,973.5,0.0,0.0,0.0,298.7
22/06/2024,23:00:00,26.4,*,*,53.6,971.6,0.0,0.0,0.0,298.4
23/06/2024,23:00:00,27.4,*,*,31.5,970.0,0.0,0.0,0.0,304.4
24/06/2024,23:00:00,27.4,*,*,41.9,971.5,0.0,0.0,0.0,294.0
25/06/2024,23:00:00,27.2,*,*,40.9,974.0,0.0,0.0,0.0,292.9
26/06/2024,23:00:00,26.5,*,*,59.6,974.1,0.0,0.0,0.0,277.5
27/06/2024,23:00:00,26.5,*,*,56.6,973.2,0.0,0.0,0.0,280.9
28/06/2024,23:00:00,25.6,*,*,65.8,972.2,0.0,0.0,0.0,291.9
29/06/2024,23:00:00,24.6,*,*,64.4,972.7,0.0,0.0,0.0,290.7
30/06/2024,23:00:00,24.7,*,*,57.7,974.5,0.0,0.0,0.0,303.6
01/07/2024,23:00:00,26.8,*,*,46.6,974.2,0.0,0.0,0.0,289.8
02/07/2024,23:00:00,29.2,*,*,43.5,970.1,0.0,0.0,0.0,271.8
03/07/2024,23:00:00,27.4,*,*,54.9,966.1,0.0,0.0,0.0,275.5
04/07/2024,23:00:00,25.2,*,*,66.0,968.4,0.0,0.0,0.0,284.1
05/07/2024,23:00:00,23.2,*,*,80.9,973.6,0.0,0.0,0.0,238.0
06/07/2024,23:00:00,24.3,*,*,68.5,975.1,0.0,0.0,0.0,291.5
07/07/2024,23:00:00,24.9,*,*,67.9,973.9,0.0,0.0,0.0,244.4
08/07/2024,23:00:00,27.3,*,*,49.7,973.4,0.0,0.0,0.0,282.6
09/07/2024,23:00:00,27.8,*,*,52.9,972.5,0.0,0.0,0.0,280.9
10/07/2024,23:00:00,27.8,*,*,60.2,971.8,0.0,0.0,0.0,277.4
11/07/2024,23:00:00,28.6,*,*,52.3,973.8,0.0,0.0,0.0,282.0
12/07/2024,23:00:00,29.1,*,*,41.9,973.7,0.0,0.0,0.0,278.1
13/07/2024,23:00:00,28.8,*,*,43.6,972.6,0.0,0.0,0.0,280.6
14/07/2024,23:00:00,28.7,*,*,43.8,972.8,0.0,0.0,0.0,276.1
15/07/2024,23:00:00,29.3,*,*,31.8,972.2,0.0,0.0,0.0,289.5
16/07/2024,23:00:00,28.4,*,*,37.2,971.9,0.0,0.0,0.0,291.5
17/07/2024,23:00:00,28.5,*,*,48.5,972.6,0.0,0.0,0.0,281.6
18/07/2024,23:00:00,29.6,*,*,47.5,973.2,0.0,0.0,0.0,277.7
19/07/2024,23:00:00,29.6,*,*,47.5,973.2,0.0,0.0,0.0,277.5
20/07/2024,23:00:00,28.0,*,*,63.0,970.5,0.0,0.0,0.0,269.0
21/07/2024,23:00:00,30.2,*,*,47.2,971.0,0.0,0.0,0.0,268.5
22/07/2024,23:00:00,30.2,*,*,46.4,971.5,0.0,0.0,0.0,276.1
23/07/2024,23:00:00,29.2,*,*,57.4,971.2,0.0,0.0,0.0,270.5
24/07/2024,23:00:00,27.3,*,*,68.1,970.2,0.0,0.0,0.0,269.9
25/07/2024,23:00:00,27.5,*,*,58.0,968.6,0.0,0.0,0.0,271.4
26/07/2024,23:00:00,26.4,*,*,66.5,971.3,0.0,0.0,0.0,272.9
27/07/2024,23:00:00,26.7,*,*,52.7,975.6,0.0,0.0,0.0,279.2
28/07/2024,23:00:00,26.6,*,*,55.8,976.8,0.0,0.0,0.0,277.3
29/07/2024,23:00:00,26.6,*,*,61.3,973.5,0.0,0.0,0.0,275.9
30/07/2024,23:00:00,28.1,*,*,48.7,971.2,0.0,0.0,0.0,276.4
31/07/2024,23:00:00,26.3,*,*,59.3,973.5,0.0,0.0,0.0,270.1
01/08/2024,23:00:00,25.3,*,*,57.8,973.2,0.0,0.0,0.0,263.7
02/08/2024,23:00:00,25.9,*,*,41.7,971.8,0.0,0.0,0.0,282.2
03/08/2024,23:00:00,28.0,*,*,49.0,970.0,0.0,0.0,0.0,273.8
04/08/2024,23:00:00,29.8,*,*,49.0,969.9,0.0,0.0,0.0,262.1
05/08/2024,23:00:00,28.4,*,*,52.0,970.5,0.0,0.0,0.0,263.2
06/08/2024,23:00:00,27.2,*,*,60.0,971.5,0.0,0.0,0.0,264.5
07/08/2024,23:00:00,27.4,*,*,57.1,972.6,0.0,0.0,0.0,265.3
08/08/2024,23:00:00,27.0,*,*,58.7,973.7,0.0,0.0,0.0,267.3
09/08/2024,23:00:00,26.4,*,*,57.6,974.1,0.0,0.0,0.0,273.9
10/08/2024,23:00:00,28.3,*,*,48.6,976.1,0.0,0.0,0.0,265.3
11/08/2024,23:00:00,26.4,*,*,65.2,976.3,0.0,0.0,0.0,268.0
12/08/2024,23:00:00,26.5,*,*,66.5,973.3,0.0,0.0,0.0,257.7
13/08/2024,23:00:00,26.6,*,*,62.1,972.6,0.0,0.0,0.0,262.3
14/08/2024,23:00:00,27.8,*,*,49.8,972.8,0.0,0.0,0.0,266.5
15/08/2024,23:00:00,28.4,*,*,48.9,974.7,0.0,0.0,0.0,258.8
16/08/2024,23:00:00,28.8,*,*,50.7,975.2,0.0,0.0,0.0,260.3
17/08/2024,23:00:00,28.6,*,*,45.6,973.7,0.0,0.0,0.0,251.6
18/08/2024,23:00:00,28.6,*,*,45.4,973.7,0.0,0.0,0.0,251.2
19/08/2024,23:00:00,28.1,*,*,62.5,972.3,0.0,0.0,0.0,245.9
20/08/2024,23:00:00,28.1,*,*,62.1,972.2,0.0,0.0,0.0,226.2
21/08/2024,23:00:00,27.2,*,*,70.3,970.8,1.0,28.8,0.0,225.7
22/08/2024,23:00:00,26.1,*,*,74.6,971.1,0.0,1.2,0.0,237.8
23/08/2024,23:00:00,27.8,*,*,51.2,974.2,0.0,0.0,0.0,245.3
24/08/2024,23:00:00,28.4,*,*,49.2,975.2,0.0,0.0,0.0,249.8
25/08/2024,23:00:00,27.7,*,*,52.1,973.0,0.0,0.0,0.0,245.6
26/08/2024,23:00:00,26.7,*,*,55.8,972.0,0.0,0.0,0.0,244.9
27/08/2024,23:00:00,26.6,*,*,53.6,974.1,0.0,0.0,0.0,241.5
28/08/2024,23:00:00,25.3,*,*,64.6,976.5,0.0,0.0,0.0,244.9
29/08/2024,23:00:00,26.5,*,*,55.3,976.2,0.0,0.0,0.0,236.8
30/08/2024,23:00:00,26.4,*,*,71.7,975.1,0.0,0.0,0.0,226.7
31/08/2024,23:00:00,25.1,*,*,77.8,974.6,0.0,0.0,0.0,184.0
01/09/2024,23:00:00,24.5,*,*,74.9,973.9,0.0,0.0,0.0,197.0
02/09/2024,23:00:00,25.3,*,*,61.0,975.5,0.0,0.0,0.0,195.3
03/09/2024,23:00:00,25.7,*,*,67.8,977.5,0.0,0.0,0.0,228.7
04/09/2024,23:00:00,26.2,*,*,65.4,976.3,0.0,0.0,0.0,226.6
05/09/2024,23:00:00,26.5,*,*,59.9,975.0,0.0,0.0,0.0,227.0
06/09/2024,23:00:00,27.3,*,*,48.2,975.4,0.0,0.0,0.0,225.9
07/09/2024,23:00:00,27.2,*,*,59.0,976.5,0.0,0.0,0.0,221.6
08/09/2024,23:00:00,25.3,*,*,65.4,976.4,0.0,0.0,0.0,218.0
09/09/2024,23:00:00,25.1,*,*,55.3,974.0,0.0,0.0,0.0,225.7
10/09/2024,23:00:00,27.0,*,*,53.5,968.4,0.0,0.0,0.0,213.3
11/09/2024,23:00:00,25.8,*,*,68.1,970.6,0.0,0.0,0.0,203.4
12/09/2024,23:00:00,25.3,*,*,65.5,974.9,0.0,0.0,0.0,233.5
13/09/2024,23:00:00,25.7,*,*,64.9,974.9,0.0,0.0,0.0,195.6
14/09/2024,23:00:00,25.5,*,*,65.3,974.1,0.0,0.0,0.0,215.6
15/09/2024,23:00:00,22.7,*,*,65.1,973.6,0.0,0.0,0.0,204.2
16/09/2024,23:00:00,21.9,*,*,67.3,972.9,0.0,0.0,0.0,151.9
17/09/2024,23:00:00,21.8,*,*,67.4,972.9,0.0,0.0,0.0,149.7
18/09/2024,23:00:00,20.3,*,*,86.9,976.7,40.3,258.9,0.0,72.3
19/09/2024,23:00:00,21.8,*,*,85.4,976.2,1.7,11.1,0.0,187.1
20/09/2024,23:00:00,22.0,*,*,79.9,977.2,0.0,0.0,0.0,149.9
21/09/2024,23:00:00,21.7,*,*,75.9,978.7,0.0,0.0,0.0,163.7
22/09/2024,23:00:00,21.1,*,*,64.6,979.1,0.0,0.0,0.0,171.8
23/09/2024,23:00:00,21.0,*,*,64.0,978.0,0.0,0.0,0.0,197.0
24/09/2024,23:00:00,21.8,*,*,58.1,978.2,0.0,0.0,0.0,195.1
25/09/2024,23:00:00,22.1,*,*,53.8,979.5,0.0,0.0,0.0,207.8
26/09/2024,23:00:00,23.2,*,*,60.0,978.5,0.0,0.0,0.0,206.7
27/09/2024,23:00:00,23.5,*,*,57.6,976.8,0.0,0.0,0.0,208.3
28/09/2024,23:00:00,22.9,*,*,69.9,975.2,0.0,0.0,0.0,206.5
29/09/2024,23:00:00,24.6,*,*,68.7,974.1,0.0,0.0,0.0,201.9
30/09/2024,23:00:00,20.8,*,*,73.4,974.8,0.0,0.0,0.0,142.6
01/10/2024,23:00:00,19.8,*,*,76.8,974.8,0.0,0.0,0.0,122.6
02/10/2024,23:00:00,19.8,*,*,69.4,975.8,0.0,0.0,0.0,198.3
03/10/2024,23:00:00,20.8,*,*,75.7,977.5,0.0,0.0,0.0,199.7
04/10/2024,23:00:00,22.4,*,*,67.2,977.9,0.0,0.0,0.0,189.9
05/10/2024,23:00:00,25.5,*,*,44.7,976.0,0.0,0.0,0.0,190.9
06/10/2024,23:00:00,24.6,*,*,63.2,974.3,0.0,0.0,0.0,173.5
07/10/2024,23:00:00,21.1,*,*,69.6,976.9,0.0,0.0,0.0,190.6
08/10/2024,23:00:00,20.5,*,*,77.5,980.1,0.0,0.0,0.0,156.6
09/10/2024,23:00:00,20.7,*,*,74.6,978.2,0.0,0.0,0.0,180.7
10/10/2024,23:00:00,22.5,*,*,68.2,974.9,0.0,0.0,0.0,178.7
11/10/2024,23:00:00,26.2,*,*,41.6,974.0,0.0,0.0,0.0,170.6
12/10/2024,23:00:00,26.0,*,*,56.1,974.2,0.0,0.0,0.0,170.0
13/10/2024,23:00:00,21.7,*,*,84.9,977.3,0.0,0.0,0.0,110.1
14/10/2024,23:00:00,20.7,*,*,81.6,978.3,0.0,0.0,0.0,147.7
15/10/2024,23:00:00,20.3,*,*,74.4,978.8,0.0,0.0,0.0,122.8
16/10/2024,23:00:00,20.5,*,*,71.0,980.7,0.0,0.0,0.0,144.0
17/10/2024,23:00:00,20.5,*,*,70.9,980.8,0.0,0.0,0.0,144.9
18/10/2024,23:00:00,17.2,*,*,69.3,982.7,0.0,0.0,0.0,114.1
19/10/2024,23:00:00,17.6,*,*,70.0,982.0,0.0,0.0,0.0,137.5
20/10/2024,23:00:00,17.9,*,*,72.3,985.1,0.0,0.0,0.0,113.0
21/10/2024,23:00:00,17.4,*,*,74.4,988.7,0.0,0.0,0.0,89.4
22/10/2024,23:00:00,17.4,*,*,73.2,987.8,0.0,0.0,0.0,123.6
23/10/2024,23:00:00,17.5,*,*,76.1,987.4,0.0,0.0,0.0,103.1
24/10/2024,23:00:00,17.3,*,*,77.2,987.3,0.0,0.0,0.0,69.6
25/10/2024,23:00:00,17.4,*,*,75.8,985.1,0.0,0.0,0.0,111.5
26/10/2024,23:00:00,17.1,*,*,78.7,984.5,0.0,0.0,0.0,63.6
27/10/2024,23:00:00,17.1,*,*,78.9,984.5,0.0,0.0,0.0,61.5
28/10/2024,23:00:00,16.6,*,*,77.1,985.0,0.0,0.0,0.0,151.8
29/10/2024,23:00:00,16.7,*,*,75.0,984.1,0.0,0.0,0.0,161.4
30/10/2024,23:00:00,18.4,*,*,67.0,982.0,0.0,0.0,0.0,155.7
31/10/2024,23:00:00,18.2,*,*,84.1,980.8,0.0,0.0,0.0,104.0
01/11/2024,23:00:00,16.7,*,*,75.2,981.1,0.0,0.0,0.0,77.2
02/11/2024,23:00:00,16.8,*,*,79.9,981.4,0.0,0.0,0.0,44.6
03/11/2024,23:00:00,16.2,*,*,80.6,980.4,0.0,0.0,0.0,150.1
04/11/2024,23:00:00,16.7,*,*,72.0,982.8,0.0,0.0,0.0,117.3
05/11/2024,23:00:00,15.6,*,*,72.5,983.7,0.0,0.0,0.0,126.0
06/11/2024,23:00:00,15.5,*,*,70.3,984.6,0.0,0.0,0.0,130.2
07/11/2024,23:00:00,14.4,*,*,74.0,987.1,0.0,0.0,0.0,33.1
08/11/2024,23:00:00,14.6,*,*,74.7,988.6,0.0,0.0,0.0,38.2
09/11/2024,23:00:00,15.0,*,*,75.7,986.4,0.0,0.0,0.0,42.8
10/11/2024,23:00:00,15.0,*,*,75.6,982.2,0.0,0.0,0.0,59.2
11/11/2024,23:00:00,14.2,*,*,77.5,980.4,0.0,0.0,0.0,39.0
12/11/2024,23:00:00,13.7,*,*,76.5,982.2,0.0,0.0,0.0,121.3
13/11/2024,23:00:00,15.3,*,*,86.4,981.1,0.1,2.5,0.0,104.8
14/11/2024,23:00:00,19.8,*,*,61.9,983.4,0.0,0.0,0.0,132.0
15/11/2024,23:00:00,19.8,*,*,60.2,980.9,0.3,14.8,0.0,134.8
16/11/2024,23:00:00,18.5,*,*,77.4,977.3,0.1,14.8,0.0,84.1
17/11/2024,23:00:00,14.7,*,*,90.3,976.4,0.0,3.7,0.0,76.6
18/11/2024,23:00:00,12.7,*,*,91.2,976.9,0.0,3.7,0.0,57.8
19/11/2024,23:00:00,16.1,*,*,80.5,976.0,0.0,1.2,0.0,108.3
20/11/2024,23:00:00,15.5,*,*,80.0,978.4,0.0,1.2,0.0,127.7
21/11/2024,23:00:00,17.9,*,*,74.6,976.0,0.0,1.2,0.0,127.0
22/11/2024,23:00:00,19.2,*,*,76.2,973.0,0.0,0.0,0.0,90.3
23/11/2024,23:00:00,18.8,*,*,75.0,976.7,0.0,0.0,0.0,115.6
24/11/2024,23:00:00,16.7,*,*,73.3,980.0,0.0,1.2,0.0,37.0
25/11/2024,23:00:00,10.2,*,*,63.3,991.0,0.0,0.0,0.0,109.3
26/11/2024,23:00:00,10.6,*,*,64.0,988.1,0.0,0.0,0.0,130.3
27/11/2024,23:00:00,12.0,*,*,67.6,985.0,0.0,0.0,0.0,131.3
28/11/2024,23:00:00,14.0,*,*,83.2,984.7,0.0,0.0,0.0,103.9
29/11/2024,23:00:00,13.5,*,*,86.8,986.4,0.0,1.2,0.0,121.0
30/11/2024,23:00:00,15.8,*,*,76.1,984.2,0.0,0.0,0.0,117.6
01/12/2024,23:00:00,15.8,*,*,85.7,979.4,0.0,0.0,0.0,55.5
02/12/2024,23:00:00,13.3,*,*,81.8,977.3,0.0,1.2,0.0,84.4
03/12/2024,23:00:00,13.5,*,*,79.2,976.0,0.0,0.0,0.0,91.4
04/12/2024,23:00:00,12.1,*,*,96.1,976.6,0.0,1.2,0.0,53.8
05/12/2024,23:00:00,12.7,*,*,86.5,978.6,0.0,0.0,0.0,73.8
06/12/2024,23:00:00,13.3,*,*,86.7,978.2,0.0,1.2,0.0,68.0
07/12/2024,23:00:00,12.6,*,*,90.8,978.1,0.0,0.0,0.0,38.9
08/12/2024,23:00:00,14.5,*,*,73.0,976.0,0.0,1.2,0.0,102.8
09/12/2024,23:00:00,15.3,*,*,91.8,973.6,0.0,4.9,0.0,67.7
10/12/2024,23:00:00,16.8,*,*,76.0,978.2,0.4,33.2,0.0,77.6
11/12/2024,23:00:00,17.2,*,*,67.3,981.1,0.1,8.6,0.0,61.6
12/12/2024,23:00:00,15.6,*,*,74.7,983.3,0.0,4.9,0.0,94.4
13/12/2024,23:00:00,13.7,*,*,82.6,984.7,0.0,2.5,0.0,96.6
