Date,Time,ABSOLUTE LEVEL,WATER LEVEL
26/11/2016,00:00:00,58.29,36.19
27/11/2016,00:00:00,58.28,36.20
28/11/2016,00:00:00,58.28,36.20
29/11/2016,00:00:00,58.28,36.20
30/11/2016,00:00:00,58.27,36.21
01/12/2016,00:00:00,58.27,36.21
02/12/2016,00:00:00,58.28,36.20
03/12/2016,00:00:00,58.30,36.18
04/12/2016,00:00:00,58.31,36.17
05/12/2016,00:00:00,58.33,36.15
06/12/2016,00:00:00,58.35,36.13
07/12/2016,00:00:00,58.37,36.10
08/12/2016,00:00:00,58.39,36.09
09/12/2016,00:00:00,58.40,36.08
10/12/2016,00:00:00,58.43,36.04
11/12/2016,00:00:00,58.45,36.03
12/12/2016,00:00:00,58.47,36.01
13/12/2016,00:00:00,58.48,36.00
14/12/2016,00:00:00,58.47,36.01
15/12/2016,00:00:00,58.46,36.02
16/12/2016,00:00:00,58.48,36.00
17/12/2016,00:00:00,58.47,36.01
18/12/2016,00:00:00,58.47,36.01
19/12/2016,00:00:00,58.48,36.00
20/12/2016,00:00:00,58.48,36.00
21/12/2016,00:00:00,58.49,35.99
22/12/2016,00:00:00,58.49,35.99
23/12/2016,00:00:00,58.49,35.99
24/12/2016,00:00:00,58.49,35.99
25/12/2016,00:00:00,58.51,35.97
26/12/2016,00:00:00,58.52,35.95
27/12/2016,00:00:00,58.54,35.94
28/12/2016,00:00:00,58.55,35.93
29/12/2016,00:00:00,58.60,35.88
30/12/2016,00:00:00,58.63,35.85
31/12/2016,00:00:00,58.62,35.85
01/01/2017,00:00:00,58.67,35.81
02/01/2017,00:00:00,58.72,35.76
03/01/2017,00:00:00,58.76,35.72
04/01/2017,00:00:00,58.80,35.68
05/01/2017,00:00:00,58.84,35.64
06/01/2017,00:00:00,58.88,35.60
07/01/2017,00:00:00,58.91,35.57
08/01/2017,00:00:00,58.91,35.57
09/01/2017,00:00:00,58.95,35.53
10/01/2017,00:00:00,58.99,35.49
11/01/2017,00:00:00,59.03,35.45
12/01/2017,00:00:00,59.04,35.44
13/01/2017,00:00:00,59.10,35.38
14/01/2017,00:00:00,59.17,35.31
15/01/2017,00:00:00,59.23,35.25
16/01/2017,00:00:00,59.25,35.22
17/01/2017,00:00:00,59.30,35.18
18/01/2017,00:00:00,59.33,35.15
19/01/2017,00:00:00,59.35,35.13
20/01/2017,00:00:00,59.37,35.11
21/01/2017,00:00:00,59.39,35.09
22/01/2017,00:00:00,59.42,35.06
23/01/2017,00:00:00,59.44,35.04
24/01/2017,00:00:00,59.48,35.00
25/01/2017,00:00:00,59.52,34.96
26/01/2017,00:00:00,59.52,34.96
27/01/2017,00:00:00,59.52,34.95
28/01/2017,00:00:00,59.54,34.94
29/01/2017,00:00:00,59.58,34.89
30/01/2017,00:00:00,59.61,34.87
31/01/2017,00:00:00,59.63,34.85
01/02/2017,00:00:00,59.64,34.84
02/02/2017,00:00:00,59.65,34.83
03/02/2017,00:00:00,59.67,34.81
04/02/2017,00:00:00,59.69,34.78
05/02/2017,00:00:00,59.71,34.77
06/02/2017,00:00:00,59.73,34.75
07/02/2017,00:00:00,59.75,34.73
08/02/2017,00:00:00,59.76,34.72
09/02/2017,00:00:00,59.76,34.72
10/02/2017,00:00:00,59.75,34.73
11/02/2017,00:00:00,59.76,34.72
12/02/2017,00:00:00,59.76,34.72
13/02/2017,00:00:00,59.76,34.72
14/02/2017,00:00:00,59.79,34.69
15/02/2017,00:00:00,59.82,34.66
16/02/2017,00:00:00,59.84,34.64
17/02/2017,00:00:00,59.85,34.63
18/02/2017,00:00:00,59.88,34.60
19/02/2017,00:00:00,59.90,34.58
20/02/2017,00:00:00,59.91,34.57
21/02/2017,00:00:00,59.93,34.55
22/02/2017,00:00:00,59.96,34.52
23/02/2017,00:00:00,59.94,34.54
24/02/2017,00:00:00,59.95,34.53
25/02/2017,00:00:00,59.95,34.52
26/02/2017,00:00:00,59.96,34.52
27/02/2017,00:00:00,59.97,34.51
28/02/2017,00:00:00,59.98,34.50
01/03/2017,00:00:00,59.98,34.50
02/03/2017,00:00:00,59.98,34.50
03/03/2017,00:00:00,59.98,34.50
04/03/2017,00:00:00,59.97,34.51
05/03/2017,00:00:00,59.97,34.51
06/03/2017,00:00:00,59.97,34.51
07/03/2017,00:00:00,59.98,34.50
08/03/2017,00:00:00,60.00,34.48
09/03/2017,00:00:00,60.01,34.47
10/03/2017,00:00:00,60.00,34.48
11/03/2017,00:00:00,60.02,34.46
12/03/2017,00:00:00,60.05,34.43
13/03/2017,00:00:00,60.04,34.44
14/03/2017,00:00:00,60.05,34.43
15/03/2017,00:00:00,60.09,34.39
16/03/2017,00:00:00,60.13,34.34
17/03/2017,00:00:00,60.19,34.29
18/03/2017,00:00:00,60.22,34.26
19/03/2017,00:00:00,60.24,34.24
20/03/2017,00:00:00,60.28,34.20
21/03/2017,00:00:00,60.30,34.18
22/03/2017,00:00:00,60.32,34.15
23/03/2017,00:00:00,60.34,34.13
24/03/2017,00:00:00,60.34,34.13
25/03/2017,00:00:00,60.36,34.12
26/03/2017,00:00:00,60.37,34.10
27/03/2017,00:00:00,60.40,34.08
28/03/2017,00:00:00,60.40,34.08
29/03/2017,00:00:00,60.40,34.08
30/03/2017,00:00:00,60.42,34.06
31/03/2017,00:00:00,60.43,34.05
01/04/2017,00:00:00,60.42,34.06
02/04/2017,00:00:00,60.42,34.05
03/04/2017,00:00:00,60.43,34.05
04/04/2017,00:00:00,60.44,34.04
05/04/2017,00:00:00,60.44,34.04
06/04/2017,00:00:00,60.45,34.02
07/04/2017,00:00:00,60.46,34.02
08/04/2017,00:00:00,60.45,34.03
09/04/2017,00:00:00,60.44,34.04
10/04/2017,00:00:00,60.43,34.05
11/04/2017,00:00:00,60.44,34.04
12/04/2017,00:00:00,60.45,34.03
13/04/2017,00:00:00,60.45,34.03
14/04/2017,00:00:00,60.45,34.03
15/04/2017,00:00:00,60.43,34.04
16/04/2017,00:00:00,60.43,34.05
17/04/2017,00:00:00,60.43,34.05
18/04/2017,00:00:00,60.43,34.05
19/04/2017,00:00:00,60.41,34.07
20/04/2017,00:00:00,60.41,34.07
21/04/2017,00:00:00,60.41,34.07
22/04/2017,00:00:00,60.39,34.09
23/04/2017,00:00:00,60.39,34.09
24/04/2017,00:00:00,60.38,34.10
25/04/2017,00:00:00,60.37,34.11
26/04/2017,00:00:00,60.37,34.11
27/04/2017,00:00:00,60.37,34.11
28/04/2017,00:00:00,60.36,34.11
29/04/2017,00:00:00,60.36,34.12
30/04/2017,00:00:00,60.36,34.12
01/05/2017,00:00:00,60.37,34.11
02/05/2017,00:00:00,60.35,34.13
03/05/2017,00:00:00,60.33,34.15
04/05/2017,00:00:00,60.32,34.16
05/05/2017,00:00:00,60.32,34.16
06/05/2017,00:00:00,60.31,34.17
07/05/2017,00:00:00,60.30,34.17
08/05/2017,00:00:00,60.30,34.18
09/05/2017,00:00:00,60.30,34.18
10/05/2017,00:00:00,60.29,34.19
11/05/2017,00:00:00,60.27,34.21
12/05/2017,00:00:00,60.25,34.23
13/05/2017,00:00:00,60.24,34.24
14/05/2017,00:00:00,60.24,34.24
15/05/2017,00:00:00,60.23,34.25
16/05/2017,00:00:00,60.21,34.27
17/05/2017,00:00:00,60.21,34.27
18/05/2017,00:00:00,60.21,34.27
19/05/2017,00:00:00,60.22,34.26
20/05/2017,00:00:00,60.21,34.26
21/05/2017,00:00:00,60.23,34.25
22/05/2017,00:00:00,60.27,34.21
23/05/2017,00:00:00,60.27,34.21
24/05/2017,00:00:00,60.27,34.21
25/05/2017,00:00:00,60.28,34.20
26/05/2017,00:00:00,60.29,34.19
27/05/2017,00:00:00,60.29,34.19
28/05/2017,00:00:00,60.29,34.19
29/05/2017,00:00:00,60.28,34.20
30/05/2017,00:00:00,60.28,34.20
31/05/2017,00:00:00,60.27,34.21
01/06/2017,00:00:00,60.26,34.22
02/06/2017,00:00:00,60.26,34.22
03/06/2017,00:00:00,60.26,34.22
04/06/2017,00:00:00,60.26,34.22
05/06/2017,00:00:00,60.26,34.22
06/06/2017,00:00:00,60.25,34.23
07/06/2017,00:00:00,60.24,34.24
08/06/2017,00:00:00,60.24,34.24
09/06/2017,00:00:00,60.23,34.25
10/06/2017,00:00:00,60.22,34.26
11/06/2017,00:00:00,60.21,34.27
12/06/2017,00:00:00,60.21,34.26
13/06/2017,00:00:00,60.20,34.27
14/06/2017,00:00:00,60.20,34.28
15/06/2017,00:00:00,60.19,34.29
16/06/2017,00:00:00,60.18,34.30
17/06/2017,00:00:00,60.18,34.30
18/06/2017,00:00:00,60.18,34.30
19/06/2017,00:00:00,60.17,34.31
20/06/2017,00:00:00,60.15,34.33
21/06/2017,00:00:00,60.14,34.34
22/06/2017,00:00:00,60.14,34.34
23/06/2017,00:00:00,60.13,34.35
24/06/2017,00:00:00,60.12,34.36
25/06/2017,00:00:00,60.12,34.36
26/06/2017,00:00:00,60.11,34.36
27/06/2017,00:00:00,60.11,34.37
28/06/2017,00:00:00,60.10,34.38
29/06/2017,00:00:00,60.10,34.38
30/06/2017,00:00:00,60.09,34.39
01/07/2017,00:00:00,60.08,34.40
02/07/2017,00:00:00,60.08,34.40
03/07/2017,00:00:00,60.08,34.40
04/07/2017,00:00:00,60.06,34.41
05/07/2017,00:00:00,60.04,34.44
06/07/2017,00:00:00,60.03,34.44
07/07/2017,00:00:00,60.03,34.45
08/07/2017,00:00:00,60.03,34.45
09/07/2017,00:00:00,60.02,34.46
10/07/2017,00:00:00,60.01,34.46
11/07/2017,00:00:00,60.00,34.47
12/07/2017,00:00:00,59.99,34.49
13/07/2017,00:00:00,59.99,34.48
14/07/2017,00:00:00,60.00,34.48
15/07/2017,00:00:00,59.98,34.50
16/07/2017,00:00:00,59.97,34.51
17/07/2017,00:00:00,59.96,34.52
18/07/2017,00:00:00,59.95,34.53
19/07/2017,00:00:00,59.93,34.55
20/07/2017,00:00:00,59.93,34.55
21/07/2017,00:00:00,59.93,34.55
22/07/2017,00:00:00,59.92,34.55
23/07/2017,00:00:00,59.91,34.57
24/07/2017,00:00:00,59.91,34.57
25/07/2017,00:00:00,59.91,34.57
26/07/2017,00:00:00,59.90,34.58
27/07/2017,00:00:00,59.89,34.59
28/07/2017,00:00:00,59.88,34.60
29/07/2017,00:00:00,59.86,34.62
30/07/2017,00:00:00,59.85,34.63
31/07/2017,00:00:00,59.84,34.64
01/08/2017,00:00:00,59.83,34.65
02/08/2017,00:00:00,59.82,34.66
03/08/2017,00:00:00,59.81,34.67
04/08/2017,00:00:00,59.81,34.67
05/08/2017,00:00:00,59.80,34.68
06/08/2017,00:00:00,59.80,34.68
07/08/2017,00:00:00,59.79,34.69
08/08/2017,00:00:00,59.78,34.70
09/08/2017,00:00:00,59.77,34.71
10/08/2017,00:00:00,59.75,34.73
11/08/2017,00:00:00,59.74,34.73
12/08/2017,00:00:00,59.73,34.75
13/08/2017,00:00:00,59.73,34.75
14/08/2017,00:00:00,59.72,34.76
15/08/2017,00:00:00,59.70,34.78
16/08/2017,00:00:00,59.69,34.79
17/08/2017,00:00:00,59.69,34.79
18/08/2017,00:00:00,59.68,34.80
19/08/2017,00:00:00,59.67,34.81
20/08/2017,00:00:00,59.66,34.82
21/08/2017,00:00:00,59.66,34.82
22/08/2017,00:00:00,59.65,34.83
23/08/2017,00:00:00,59.63,34.85
24/08/2017,00:00:00,59.62,34.86
25/08/2017,00:00:00,59.61,34.87
26/08/2017,00:00:00,59.60,34.88
27/08/2017,00:00:00,59.60,34.88
28/08/2017,00:00:00,59.59,34.88
29/08/2017,00:00:00,59.59,34.89
30/08/2017,00:00:00,59.58,34.90
31/08/2017,00:00:00,59.56,34.92
01/09/2017,00:00:00,59.55,34.93
02/09/2017,00:00:00,59.55,34.93
03/09/2017,00:00:00,59.54,34.94
04/09/2017,00:00:00,59.54,34.94
05/09/2017,00:00:00,59.52,34.96
06/09/2017,00:00:00,59.51,34.97
07/09/2017,00:00:00,59.50,34.98
08/09/2017,00:00:00,59.50,34.98
09/09/2017,00:00:00,59.49,34.99
10/09/2017,00:00:00,59.49,34.99
11/09/2017,00:00:00,59.48,35.00
12/09/2017,00:00:00,59.48,35.00
13/09/2017,00:00:00,59.46,35.02
14/09/2017,00:00:00,59.45,35.03
15/09/2017,00:00:00,59.45,35.03
16/09/2017,00:00:00,59.44,35.04
17/09/2017,00:00:00,59.43,35.05
18/09/2017,00:00:00,59.42,35.06
19/09/2017,00:00:00,59.42,35.06
20/09/2017,00:00:00,59.41,35.07
21/09/2017,00:00:00,59.40,35.08
22/09/2017,00:00:00,59.39,35.09
23/09/2017,00:00:00,59.38,35.10
24/09/2017,00:00:00,59.37,35.10
25/09/2017,00:00:00,59.37,35.11
26/09/2017,00:00:00,59.37,35.11
27/09/2017,00:00:00,59.36,35.12
28/09/2017,00:00:00,59.35,35.13
29/09/2017,00:00:00,59.35,35.13
30/09/2017,00:00:00,59.35,35.13
01/10/2017,00:00:00,59.35,35.13
02/10/2017,00:00:00,59.34,35.14
03/10/2017,00:00:00,59.33,35.15
04/10/2017,00:00:00,59.33,35.15
05/10/2017,00:00:00,59.33,35.15
06/10/2017,00:00:00,59.33,35.15
07/10/2017,00:00:00,59.34,35.14
08/10/2017,00:00:00,59.33,35.15
09/10/2017,00:00:00,59.31,35.17
10/10/2017,00:00:00,59.31,35.17
11/10/2017,00:00:00,59.30,35.18
12/10/2017,00:00:00,59.30,35.18
13/10/2017,00:00:00,59.30,35.18
14/10/2017,00:00:00,59.30,35.18
15/10/2017,00:00:00,59.29,35.19
16/10/2017,00:00:00,59.28,35.20
17/10/2017,00:00:00,59.28,35.20
18/10/2017,00:00:00,59.25,35.23
19/10/2017,00:00:00,59.23,35.25
20/10/2017,00:00:00,59.23,35.25
21/10/2017,00:00:00,59.22,35.25
22/10/2017,00:00:00,59.23,35.25
23/10/2017,00:00:00,59.22,35.25
24/10/2017,00:00:00,59.23,35.25
25/10/2017,00:00:00,59.22,35.26
26/10/2017,00:00:00,59.20,35.28
27/10/2017,00:00:00,59.20,35.28
28/10/2017,00:00:00,59.23,35.25
29/10/2017,00:00:00,59.26,35.22
30/10/2017,00:00:00,59.25,35.23
31/10/2017,00:00:00,59.25,35.23
01/11/2017,00:00:00,59.25,35.23
02/11/2017,00:00:00,59.26,35.22
03/11/2017,00:00:00,59.27,35.21
04/11/2017,00:00:00,59.28,35.19
05/11/2017,00:00:00,59.29,35.19
06/11/2017,00:00:00,59.28,35.20
07/11/2017,00:00:00,59.28,35.20
08/11/2017,00:00:00,59.27,35.21
09/11/2017,00:00:00,59.27,35.21
10/11/2017,00:00:00,59.27,35.21
11/11/2017,00:00:00,59.27,35.20
12/11/2017,00:00:00,59.28,35.20
13/11/2017,00:00:00,59.28,35.20
14/11/2017,00:00:00,59.30,35.18
15/11/2017,00:00:00,59.26,35.22
16/11/2017,00:00:00,59.26,35.22
17/11/2017,00:00:00,59.25,35.23
18/11/2017,00:00:00,59.26,35.22
19/11/2017,00:00:00,59.26,35.22
20/11/2017,00:00:00,59.26,35.22
21/11/2017,00:00:00,59.25,35.23
22/11/2017,00:00:00,59.23,35.25
23/11/2017,00:00:00,59.23,35.25
24/11/2017,00:00:00,59.23,35.25
25/11/2017,00:00:00,59.23,35.25
26/11/2017,00:00:00,59.23,35.25
27/11/2017,00:00:00,59.22,35.26
28/11/2017,00:00:00,59.23,35.25
29/11/2017,00:00:00,59.20,35.28
30/11/2017,00:00:00,59.19,35.29
01/12/2017,00:00:00,59.19,35.28
02/12/2017,00:00:00,59.20,35.28
03/12/2017,00:00:00,59.19,35.29
04/12/2017,00:00:00,59.18,35.30
05/12/2017,00:00:00,59.17,35.31
06/12/2017,00:00:00,59.17,35.31
07/12/2017,00:00:00,59.15,35.33
08/12/2017,00:00:00,59.16,35.32
09/12/2017,00:00:00,59.16,35.32
10/12/2017,00:00:00,59.17,35.31
11/12/2017,00:00:00,59.16,35.32
12/12/2017,00:00:00,59.14,35.33
13/12/2017,00:00:00,59.14,35.33
14/12/2017,00:00:00,59.14,35.34
15/12/2017,00:00:00,59.14,35.33
16/12/2017,00:00:00,59.14,35.34
17/12/2017,00:00:00,59.14,35.34
18/12/2017,00:00:00,59.13,35.35
19/12/2017,00:00:00,59.12,35.36
20/12/2017,00:00:00,59.11,35.37
21/12/2017,00:00:00,59.11,35.37
22/12/2017,00:00:00,59.11,35.37
23/12/2017,00:00:00,59.13,35.35
24/12/2017,00:00:00,59.12,35.36
25/12/2017,00:00:00,59.11,35.36
26/12/2017,00:00:00,59.13,35.35
27/12/2017,00:00:00,59.17,35.31
28/12/2017,00:00:00,59.21,35.27
29/12/2017,00:00:00,59.24,35.24
30/12/2017,00:00:00,59.25,35.23
31/12/2017,00:00:00,59.25,35.22
01/01/2018,00:00:00,59.25,35.22
02/01/2018,00:00:00,59.27,35.20
03/01/2018,00:00:00,59.30,35.18
04/01/2018,00:00:00,59.30,35.18
05/01/2018,00:00:00,59.32,35.16
06/01/2018,00:00:00,59.28,35.19
07/01/2018,00:00:00,59.29,35.19
08/01/2018,00:00:00,59.29,35.19
09/01/2018,00:00:00,59.30,35.18
10/01/2018,00:00:00,59.32,35.16
11/01/2018,00:00:00,59.35,35.13
12/01/2018,00:00:00,59.35,35.13
13/01/2018,00:00:00,59.34,35.14
14/01/2018,00:00:00,59.36,35.12
15/01/2018,00:00:00,59.32,35.16
16/01/2018,00:00:00,59.33,35.15
17/01/2018,00:00:00,59.37,35.11
18/01/2018,00:00:00,59.39,35.09
19/01/2018,00:00:00,59.37,35.11
20/01/2018,00:00:00,59.36,35.12
21/01/2018,00:00:00,59.38,35.10
22/01/2018,00:00:00,59.41,35.07
23/01/2018,00:00:00,59.40,35.08
24/01/2018,00:00:00,59.37,35.11
25/01/2018,00:00:00,59.36,35.12
26/01/2018,00:00:00,59.37,35.11
27/01/2018,00:00:00,59.38,35.10
28/01/2018,00:00:00,59.37,35.11
29/01/2018,00:00:00,59.37,35.11
30/01/2018,00:00:00,59.37,35.11
31/01/2018,00:00:00,59.38,35.10
01/02/2018,00:00:00,59.37,35.11
02/02/2018,00:00:00,59.37,35.10
03/02/2018,00:00:00,59.37,35.11
04/02/2018,00:00:00,59.38,35.10
05/02/2018,00:00:00,59.38,35.10
06/02/2018,00:00:00,59.36,35.12
07/02/2018,00:00:00,59.36,35.12
08/02/2018,00:00:00,59.37,35.11
09/02/2018,00:00:00,59.36,35.12
10/02/2018,00:00:00,59.36,35.12
11/02/2018,00:00:00,59.39,35.09
12/02/2018,00:00:00,59.35,35.13
13/02/2018,00:00:00,59.34,35.14
14/02/2018,00:00:00,59.34,35.14
15/02/2018,00:00:00,59.34,35.14
16/02/2018,00:00:00,59.35,35.13
17/02/2018,00:00:00,59.33,35.15
18/02/2018,00:00:00,59.33,35.15
19/02/2018,00:00:00,59.37,35.11
20/02/2018,00:00:00,59.40,35.08
21/02/2018,00:00:00,59.42,35.05
22/02/2018,00:00:00,59.46,35.02
23/02/2018,00:00:00,59.45,35.03
24/02/2018,00:00:00,59.47,35.01
25/02/2018,00:00:00,59.49,34.99
26/02/2018,00:00:00,59.51,34.97
27/02/2018,00:00:00,59.55,34.93
28/02/2018,00:00:00,59.54,34.94
01/03/2018,00:00:00,59.54,34.94
02/03/2018,00:00:00,59.54,34.94
03/03/2018,00:00:00,59.58,34.90
04/03/2018,00:00:00,59.57,34.91
05/03/2018,00:00:00,59.58,34.90
06/03/2018,00:00:00,59.59,34.89
07/03/2018,00:00:00,59.57,34.91
08/03/2018,00:00:00,59.58,34.90
09/03/2018,00:00:00,59.57,34.91
10/03/2018,00:00:00,59.56,34.92
11/03/2018,00:00:00,59.57,34.91
12/03/2018,00:00:00,59.57,34.91
13/03/2018,00:00:00,59.58,34.90
14/03/2018,00:00:00,59.57,34.91
15/03/2018,00:00:00,59.57,34.91
16/03/2018,00:00:00,59.56,34.91
17/03/2018,00:00:00,59.56,34.92
18/03/2018,00:00:00,59.58,34.90
19/03/2018,00:00:00,59.58,34.90
20/03/2018,00:00:00,59.56,34.92
21/03/2018,00:00:00,59.54,34.94
22/03/2018,00:00:00,59.54,34.94
23/03/2018,00:00:00,59.58,34.90
24/03/2018,00:00:00,59.55,34.93
25/03/2018,00:00:00,59.54,34.94
26/03/2018,00:00:00,59.52,34.96
27/03/2018,00:00:00,59.52,34.95
28/03/2018,00:00:00,59.51,34.97
29/03/2018,00:00:00,59.52,34.96
30/03/2018,00:00:00,59.50,34.98
31/03/2018,00:00:00,59.49,34.99
01/04/2018,00:00:00,59.49,34.99
02/04/2018,00:00:00,59.51,34.97
03/04/2018,00:00:00,59.48,35.00
04/04/2018,00:00:00,59.47,35.01
05/04/2018,00:00:00,59.47,35.01
06/04/2018,00:00:00,59.49,34.99
07/04/2018,00:00:00,59.49,34.99
08/04/2018,00:00:00,59.46,35.01
09/04/2018,00:00:00,59.46,35.02
10/04/2018,00:00:00,59.46,35.02
11/04/2018,00:00:00,59.47,35.01
12/04/2018,00:00:00,59.46,35.02
13/04/2018,00:00:00,59.46,35.02
14/04/2018,00:00:00,59.44,35.03
15/04/2018,00:00:00,59.44,35.04
16/04/2018,00:00:00,59.44,35.04
17/04/2018,00:00:00,59.44,35.04
18/04/2018,00:00:00,59.43,35.05
19/04/2018,00:00:00,59.42,35.06
20/04/2018,00:00:00,59.44,35.04
21/04/2018,00:00:00,59.45,35.03
22/04/2018,00:00:00,59.43,35.05
23/04/2018,00:00:00,59.44,35.04
24/04/2018,00:00:00,59.44,35.04
25/04/2018,00:00:00,59.43,35.05
26/04/2018,00:00:00,59.44,35.04
27/04/2018,00:00:00,59.44,35.04
28/04/2018,00:00:00,59.44,35.04
29/04/2018,00:00:00,59.43,35.05
30/04/2018,00:00:00,59.44,35.04
01/05/2018,00:00:00,59.43,35.05
02/05/2018,00:00:00,59.43,35.05
03/05/2018,00:00:00,59.44,35.04
04/05/2018,00:00:00,59.44,35.04
05/05/2018,00:00:00,59.42,35.05
06/05/2018,00:00:00,59.42,35.06
07/05/2018,00:00:00,59.42,35.06
08/05/2018,00:00:00,59.43,35.05
09/05/2018,00:00:00,59.42,35.06
10/05/2018,00:00:00,59.42,35.06
11/05/2018,00:00:00,59.42,35.06
12/05/2018,00:00:00,59.40,35.07
13/05/2018,00:00:00,59.40,35.08
14/05/2018,00:00:00,59.40,35.08
15/05/2018,00:00:00,59.39,35.09
16/05/2018,00:00:00,59.39,35.09
17/05/2018,00:00:00,59.39,35.09
18/05/2018,00:00:00,59.39,35.09
19/05/2018,00:00:00,59.39,35.09
20/05/2018,00:00:00,59.39,35.09
21/05/2018,00:00:00,59.38,35.10
22/05/2018,00:00:00,59.38,35.09
23/05/2018,00:00:00,59.37,35.11
24/05/2018,00:00:00,59.37,35.11
25/05/2018,00:00:00,59.37,35.11
26/05/2018,00:00:00,59.37,35.11
27/05/2018,00:00:00,59.36,35.12
28/05/2018,00:00:00,59.35,35.13
29/05/2018,00:00:00,59.35,35.13
30/05/2018,00:00:00,59.36,35.12
31/05/2018,00:00:00,59.35,35.13
01/06/2018,00:00:00,59.34,35.14
02/06/2018,00:00:00,59.34,35.14
03/06/2018,00:00:00,59.34,35.14
04/06/2018,00:00:00,59.34,35.14
05/06/2018,00:00:00,59.34,35.14
06/06/2018,00:00:00,59.33,35.14
07/06/2018,00:00:00,59.32,35.16
08/06/2018,00:00:00,59.31,35.17
09/06/2018,00:00:00,59.31,35.17
10/06/2018,00:00:00,59.32,35.16
11/06/2018,00:00:00,59.32,35.16
12/06/2018,00:00:00,59.31,35.17
13/06/2018,00:00:00,59.30,35.18
14/06/2018,00:00:00,59.31,35.17
15/06/2018,00:00:00,59.30,35.18
16/06/2018,00:00:00,59.28,35.19
17/06/2018,00:00:00,59.28,35.20
18/06/2018,00:00:00,59.27,35.21
19/06/2018,00:00:00,59.27,35.20
20/06/2018,00:00:00,59.26,35.22
21/06/2018,00:00:00,59.25,35.22
22/06/2018,00:00:00,59.25,35.22
23/06/2018,00:00:00,59.26,35.22
24/06/2018,00:00:00,59.26,35.22
25/06/2018,00:00:00,59.25,35.23
26/06/2018,00:00:00,59.25,35.23
27/06/2018,00:00:00,59.26,35.22
28/06/2018,00:00:00,59.25,35.23
29/06/2018,00:00:00,59.24,35.24
30/06/2018,00:00:00,59.24,35.24
01/07/2018,00:00:00,59.24,35.24
02/07/2018,00:00:00,59.22,35.26
03/07/2018,00:00:00,59.21,35.27
04/07/2018,00:00:00,59.21,35.27
05/07/2018,00:00:00,59.21,35.27
06/07/2018,00:00:00,59.21,35.27
07/07/2018,00:00:00,59.20,35.28
08/07/2018,00:00:00,59.20,35.28
09/07/2018,00:00:00,59.19,35.29
10/07/2018,00:00:00,59.18,35.29
11/07/2018,00:00:00,59.18,35.30
12/07/2018,00:00:00,59.18,35.30
13/07/2018,00:00:00,59.18,35.30
14/07/2018,00:00:00,59.18,35.30
15/07/2018,00:00:00,59.17,35.31
16/07/2018,00:00:00,59.16,35.32
17/07/2018,00:00:00,59.16,35.32
18/07/2018,00:00:00,59.16,35.32
19/07/2018,00:00:00,59.15,35.33
20/07/2018,00:00:00,59.13,35.35
21/07/2018,00:00:00,59.13,35.35
22/07/2018,00:00:00,59.12,35.36
23/07/2018,00:00:00,59.12,35.36
24/07/2018,00:00:00,59.13,35.35
25/07/2018,00:00:00,59.12,35.36
26/07/2018,00:00:00,59.10,35.38
27/07/2018,00:00:00,59.09,35.39
28/07/2018,00:00:00,59.08,35.39
29/07/2018,00:00:00,59.09,35.39
30/07/2018,00:00:00,59.09,35.39
31/07/2018,00:00:00,59.08,35.40
01/08/2018,00:00:00,59.07,35.41
02/08/2018,00:00:00,59.06,35.41
03/08/2018,00:00:00,58.94,35.54
04/08/2018,00:00:00,58.84,35.64
05/08/2018,00:00:00,58.84,35.63
06/08/2018,00:00:00,58.84,35.64
07/08/2018,00:00:00,58.84,35.64
08/08/2018,00:00:00,58.83,35.64
09/08/2018,00:00:00,58.83,35.65
10/08/2018,00:00:00,58.80,35.68
11/08/2018,00:00:00,58.77,35.71
12/08/2018,00:00:00,58.77,35.71
13/08/2018,00:00:00,58.77,35.71
14/08/2018,00:00:00,58.76,35.72
15/08/2018,00:00:00,58.76,35.72
16/08/2018,00:00:00,58.76,35.72
17/08/2018,00:00:00,58.75,35.73
18/08/2018,00:00:00,58.75,35.73
19/08/2018,00:00:00,58.74,35.74
20/08/2018,00:00:00,58.74,35.74
21/08/2018,00:00:00,58.73,35.75
22/08/2018,00:00:00,58.72,35.76
23/08/2018,00:00:00,58.72,35.76
24/08/2018,00:00:00,58.72,35.76
25/08/2018,00:00:00,58.71,35.76
26/08/2018,00:00:00,58.71,35.77
27/08/2018,00:00:00,58.71,35.77
28/08/2018,00:00:00,58.70,35.77
29/08/2018,00:00:00,58.70,35.78
30/08/2018,00:00:00,58.69,35.79
31/08/2018,00:00:00,58.69,35.79
01/09/2018,00:00:00,58.69,35.79
02/09/2018,00:00:00,58.69,35.79
03/09/2018,00:00:00,58.69,35.79
04/09/2018,00:00:00,58.69,35.79
05/09/2018,00:00:00,58.69,35.79
06/09/2018,00:00:00,58.66,35.82
07/09/2018,00:00:00,58.64,35.84
08/09/2018,00:00:00,58.63,35.84
09/09/2018,00:00:00,58.63,35.85
10/09/2018,00:00:00,58.62,35.86
11/09/2018,00:00:00,58.62,35.86
12/09/2018,00:00:00,58.61,35.87
13/09/2018,00:00:00,58.62,35.86
14/09/2018,00:00:00,58.61,35.86
15/09/2018,00:00:00,58.61,35.87
16/09/2018,00:00:00,58.60,35.88
17/09/2018,00:00:00,58.60,35.88
18/09/2018,00:00:00,58.60,35.88
19/09/2018,00:00:00,58.59,35.89
20/09/2018,00:00:00,58.59,35.89
21/09/2018,00:00:00,58.59,35.89
22/09/2018,00:00:00,58.58,35.90
23/09/2018,00:00:00,58.57,35.90
24/09/2018,00:00:00,58.57,35.91
25/09/2018,00:00:00,58.57,35.90
26/09/2018,00:00:00,58.56,35.92
27/09/2018,00:00:00,58.55,35.93
28/09/2018,00:00:00,58.57,35.91
29/09/2018,00:00:00,58.58,35.90
30/09/2018,00:00:00,58.57,35.91
01/10/2018,00:00:00,58.57,35.91
02/10/2018,00:00:00,58.57,35.91
03/10/2018,00:00:00,58.58,35.90
04/10/2018,00:00:00,58.60,35.88
05/10/2018,00:00:00,58.60,35.88
06/10/2018,00:00:00,58.60,35.88
07/10/2018,00:00:00,58.61,35.86
08/10/2018,00:00:00,58.62,35.86
09/10/2018,00:00:00,58.62,35.86
10/10/2018,00:00:00,58.61,35.87
11/10/2018,00:00:00,58.61,35.87
12/10/2018,00:00:00,58.61,35.87
13/10/2018,00:00:00,58.61,35.87
14/10/2018,00:00:00,58.61,35.87
15/10/2018,00:00:00,58.60,35.87
16/10/2018,00:00:00,58.60,35.88
17/10/2018,00:00:00,58.61,35.87
18/10/2018,00:00:00,58.61,35.87
19/10/2018,00:00:00,58.61,35.87
20/10/2018,00:00:00,58.60,35.88
21/10/2018,00:00:00,58.60,35.88
22/10/2018,00:00:00,58.60,35.88
23/10/2018,00:00:00,58.59,35.89
24/10/2018,00:00:00,58.60,35.88
25/10/2018,00:00:00,58.60,35.88
26/10/2018,00:00:00,58.57,35.91
27/10/2018,00:00:00,58.57,35.91
28/10/2018,00:00:00,58.58,35.90
29/10/2018,00:00:00,58.58,35.90
30/10/2018,00:00:00,58.58,35.90
31/10/2018,00:00:00,58.57,35.91
01/11/2018,00:00:00,58.57,35.91
02/11/2018,00:00:00,58.57,35.91
03/11/2018,00:00:00,58.57,35.91
04/11/2018,00:00:00,58.57,35.91
05/11/2018,00:00:00,58.56,35.92
06/11/2018,00:00:00,58.56,35.92
07/11/2018,00:00:00,58.56,35.92
08/11/2018,00:00:00,58.55,35.93
09/11/2018,00:00:00,58.55,35.93
10/11/2018,00:00:00,58.56,35.92
11/11/2018,00:00:00,58.56,35.92
12/11/2018,00:00:00,58.55,35.93
13/11/2018,00:00:00,58.55,35.93
14/11/2018,00:00:00,58.57,35.91
15/11/2018,00:00:00,58.58,35.90
16/11/2018,00:00:00,58.59,35.89
17/11/2018,00:00:00,58.60,35.88
18/11/2018,00:00:00,58.63,35.85
19/11/2018,00:00:00,58.64,35.84
20/11/2018,00:00:00,58.64,35.84
21/11/2018,00:00:00,58.64,35.83
22/11/2018,00:00:00,58.67,35.81
23/11/2018,00:00:00,58.67,35.81
24/11/2018,00:00:00,58.67,35.81
25/11/2018,00:00:00,58.68,35.80
26/11/2018,00:00:00,58.70,35.78
27/11/2018,00:00:00,58.72,35.76
28/11/2018,00:00:00,58.72,35.75
29/11/2018,00:00:00,58.74,35.74
30/11/2018,00:00:00,58.73,35.75
01/12/2018,00:00:00,58.72,35.76
02/12/2018,00:00:00,58.73,35.75
03/12/2018,00:00:00,58.77,35.71
04/12/2018,00:00:00,58.78,35.70
05/12/2018,00:00:00,58.80,35.68
06/12/2018,00:00:00,58.80,35.68
07/12/2018,00:00:00,58.80,35.68
08/12/2018,00:00:00,58.81,35.66
09/12/2018,00:00:00,58.84,35.64
10/12/2018,00:00:00,58.86,35.62
11/12/2018,00:00:00,58.88,35.60
12/12/2018,00:00:00,58.86,35.62
13/12/2018,00:00:00,58.85,35.63
14/12/2018,00:00:00,58.88,35.60
15/12/2018,00:00:00,58.88,35.60
16/12/2018,00:00:00,58.90,35.58
17/12/2018,00:00:00,58.91,35.57
18/12/2018,00:00:00,58.90,35.58
19/12/2018,00:00:00,58.95,35.53
20/12/2018,00:00:00,59.02,35.45
21/12/2018,00:00:00,59.03,35.45
22/12/2018,00:00:00,59.06,35.42
23/12/2018,00:00:00,59.10,35.38
24/12/2018,00:00:00,59.12,35.36
25/12/2018,00:00:00,59.19,35.29
26/12/2018,00:00:00,59.27,35.21
27/12/2018,00:00:00,59.27,35.21
28/12/2018,00:00:00,59.33,35.15
29/12/2018,00:00:00,59.41,35.07
30/12/2018,00:00:00,59.47,35.01
31/12/2018,00:00:00,59.52,34.96
01/01/2019,00:00:00,59.57,34.91
02/01/2019,00:00:00,59.60,34.88
03/01/2019,00:00:00,59.62,34.86
04/01/2019,00:00:00,59.69,34.79
05/01/2019,00:00:00,59.70,34.78
06/01/2019,00:00:00,59.76,34.71
07/01/2019,00:00:00,59.81,34.67
08/01/2019,00:00:00,59.85,34.63
09/01/2019,00:00:00,59.91,34.57
10/01/2019,00:00:00,60.04,34.44
11/01/2019,00:00:00,60.10,34.38
12/01/2019,00:00:00,60.17,34.31
13/01/2019,00:00:00,60.28,34.20
14/01/2019,00:00:00,60.32,34.16
15/01/2019,00:00:00,60.40,34.08
16/01/2019,00:00:00,60.54,33.93
17/01/2019,00:00:00,60.51,33.96
18/01/2019,00:00:00,60.62,33.86
19/01/2019,00:00:00,60.71,33.77
20/01/2019,00:00:00,60.80,33.68
21/01/2019,00:00:00,60.88,33.60
22/01/2019,00:00:00,60.93,33.55
23/01/2019,00:00:00,61.00,33.48
24/01/2019,00:00:00,61.08,33.40
25/01/2019,00:00:00,61.13,33.35
26/01/2019,00:00:00,61.18,33.30
27/01/2019,00:00:00,61.21,33.27
28/01/2019,00:00:00,61.25,33.23
29/01/2019,00:00:00,61.29,33.19
30/01/2019,00:00:00,61.36,33.12
31/01/2019,00:00:00,61.38,33.10
01/02/2019,00:00:00,61.41,33.07
02/02/2019,00:00:00,61.44,33.04
03/02/2019,00:00:00,61.49,32.99
04/02/2019,00:00:00,61.53,32.95
05/02/2019,00:00:00,61.56,32.92
06/02/2019,00:00:00,61.62,32.86
07/02/2019,00:00:00,61.64,32.84
08/02/2019,00:00:00,61.67,32.81
09/02/2019,00:00:00,61.64,32.84
10/02/2019,00:00:00,61.67,32.81
11/02/2019,00:00:00,61.70,32.78
12/02/2019,00:00:00,61.75,32.73
13/02/2019,00:00:00,61.81,32.67
14/02/2019,00:00:00,61.85,32.63
15/02/2019,00:00:00,61.86,32.62
16/02/2019,00:00:00,61.90,32.58
17/02/2019,00:00:00,61.99,32.49
18/02/2019,00:00:00,62.07,32.41
19/02/2019,00:00:00,62.14,32.34
20/02/2019,00:00:00,62.24,32.24
21/02/2019,00:00:00,62.32,32.16
22/02/2019,00:00:00,62.38,32.10
23/02/2019,00:00:00,62.45,32.03
24/02/2019,00:00:00,62.52,31.96
25/02/2019,00:00:00,62.55,31.93
26/02/2019,00:00:00,62.57,31.91
27/02/2019,00:00:00,62.64,31.84
28/02/2019,00:00:00,62.84,31.64
01/03/2019,00:00:00,62.95,31.53
02/03/2019,00:00:00,63.07,31.41
03/03/2019,00:00:00,63.15,31.33
04/03/2019,00:00:00,63.13,31.35
05/03/2019,00:00:00,63.16,31.32
06/03/2019,00:00:00,63.18,31.30
07/03/2019,00:00:00,63.17,31.30
08/03/2019,00:00:00,63.18,31.30
09/03/2019,00:00:00,63.19,31.29
10/03/2019,00:00:00,63.18,31.30
11/03/2019,00:00:00,63.20,31.28
12/03/2019,00:00:00,63.23,31.25
13/03/2019,00:00:00,63.28,31.20
14/03/2019,00:00:00,63.26,31.22
15/03/2019,00:00:00,63.22,31.26
16/03/2019,00:00:00,63.23,31.25
17/03/2019,00:00:00,63.19,31.29
18/03/2019,00:00:00,63.17,31.31
19/03/2019,00:00:00,63.18,31.30
20/03/2019,00:00:00,63.17,31.31
21/03/2019,00:00:00,63.16,31.32
22/03/2019,00:00:00,63.13,31.35
23/03/2019,00:00:00,63.12,31.36
24/03/2019,00:00:00,63.13,31.35
25/03/2019,00:00:00,63.11,31.37
26/03/2019,00:00:00,63.11,31.37
27/03/2019,00:00:00,63.10,31.38
28/03/2019,00:00:00,63.04,31.43
29/03/2019,00:00:00,63.04,31.44
30/03/2019,00:00:00,63.06,31.42
31/03/2019,00:00:00,63.04,31.44
01/04/2019,00:00:00,63.07,31.41
02/04/2019,00:00:00,63.08,31.40
03/04/2019,00:00:00,63.09,31.39
04/04/2019,00:00:00,63.09,31.39
05/04/2019,00:00:00,63.08,31.40
06/04/2019,00:00:00,63.09,31.39
07/04/2019,00:00:00,63.12,31.36
08/04/2019,00:00:00,63.13,31.35
09/04/2019,00:00:00,63.11,31.37
10/04/2019,00:00:00,63.07,31.41
11/04/2019,00:00:00,63.05,31.43
12/04/2019,00:00:00,63.03,31.45
13/04/2019,00:00:00,63.04,31.44
14/04/2019,00:00:00,63.03,31.45
15/04/2019,00:00:00,63.01,31.47
16/04/2019,00:00:00,63.00,31.48
17/04/2019,00:00:00,62.97,31.51
18/04/2019,00:00:00,62.96,31.52
19/04/2019,00:00:00,62.94,31.54
20/04/2019,00:00:00,62.91,31.57
21/04/2019,00:00:00,62.90,31.58
22/04/2019,00:00:00,62.89,31.59
23/04/2019,00:00:00,62.89,31.59
24/04/2019,00:00:00,62.87,31.61
25/04/2019,00:00:00,62.85,31.63
26/04/2019,00:00:00,62.84,31.64
27/04/2019,00:00:00,62.84,31.64
28/04/2019,00:00:00,62.84,31.64
29/04/2019,00:00:00,62.83,31.65
30/04/2019,00:00:00,62.81,31.67
01/05/2019,00:00:00,62.79,31.68
02/05/2019,00:00:00,62.78,31.70
03/05/2019,00:00:00,62.77,31.71
04/05/2019,00:00:00,62.74,31.73
05/05/2019,00:00:00,62.75,31.73
06/05/2019,00:00:00,62.76,31.72
07/05/2019,00:00:00,62.71,31.77
08/05/2019,00:00:00,62.68,31.80
09/05/2019,00:00:00,62.66,31.82
10/05/2019,00:00:00,62.66,31.82
11/05/2019,00:00:00,62.66,31.82
12/05/2019,00:00:00,62.62,31.86
13/05/2019,00:00:00,62.60,31.88
14/05/2019,00:00:00,62.61,31.87
15/05/2019,00:00:00,62.59,31.89
16/05/2019,00:00:00,62.57,31.90
17/05/2019,00:00:00,62.56,31.92
18/05/2019,00:00:00,62.55,31.93
19/05/2019,00:00:00,62.53,31.95
20/05/2019,00:00:00,62.52,31.96
21/05/2019,00:00:00,62.49,31.99
22/05/2019,00:00:00,62.47,32.01
23/05/2019,00:00:00,62.46,32.02
24/05/2019,00:00:00,62.45,32.03
25/05/2019,00:00:00,62.43,32.05
26/05/2019,00:00:00,62.41,32.07
27/05/2019,00:00:00,62.40,32.08
28/05/2019,00:00:00,62.39,32.09
29/05/2019,00:00:00,62.38,32.10
30/05/2019,00:00:00,62.35,32.13
31/05/2019,00:00:00,62.33,32.15
01/06/2019,00:00:00,62.33,32.15
02/06/2019,00:00:00,62.31,32.17
03/06/2019,00:00:00,62.30,32.18
04/06/2019,00:00:00,62.28,32.20
05/06/2019,00:00:00,62.27,32.21
06/06/2019,00:00:00,62.26,32.22
07/06/2019,00:00:00,62.24,32.24
08/06/2019,00:00:00,62.22,32.26
09/06/2019,00:00:00,62.21,32.27
10/06/2019,00:00:00,62.21,32.27
11/06/2019,00:00:00,62.20,32.28
12/06/2019,00:00:00,62.18,32.30
13/06/2019,00:00:00,62.16,32.32
14/06/2019,00:00:00,62.14,32.34
15/06/2019,00:00:00,62.13,32.35
16/06/2019,00:00:00,62.13,32.35
17/06/2019,00:00:00,62.11,32.37
18/06/2019,00:00:00,62.10,32.38
19/06/2019,00:00:00,62.08,32.40
20/06/2019,00:00:00,62.07,32.41
21/06/2019,00:00:00,62.06,32.42
22/06/2019,00:00:00,62.04,32.44
23/06/2019,00:00:00,62.02,32.46
24/06/2019,00:00:00,62.01,32.47
25/06/2019,00:00:00,62.01,32.47
26/06/2019,00:00:00,61.99,32.49
27/06/2019,00:00:00,61.97,32.50
28/06/2019,00:00:00,61.97,32.51
29/06/2019,00:00:00,61.97,32.51
30/06/2019,00:00:00,61.94,32.54
01/07/2019,00:00:00,61.92,32.56
02/07/2019,00:00:00,61.91,32.57
03/07/2019,00:00:00,61.91,32.57
04/07/2019,00:00:00,61.89,32.58
05/07/2019,00:00:00,61.88,32.60
06/07/2019,00:00:00,61.87,32.61
07/07/2019,00:00:00,61.86,32.62
08/07/2019,00:00:00,61.85,32.63
09/07/2019,00:00:00,61.84,32.64
10/07/2019,00:00:00,61.83,32.65
11/07/2019,00:00:00,61.82,32.66
12/07/2019,00:00:00,61.81,32.66
13/07/2019,00:00:00,61.79,32.69
14/07/2019,00:00:00,61.78,32.70
15/07/2019,00:00:00,61.79,32.69
16/07/2019,00:00:00,61.77,32.71
17/07/2019,00:00:00,61.77,32.71
18/07/2019,00:00:00,61.75,32.72
19/07/2019,00:00:00,61.73,32.75
20/07/2019,00:00:00,61.72,32.76
21/07/2019,00:00:00,61.71,32.77
22/07/2019,00:00:00,61.70,32.78
23/07/2019,00:00:00,61.69,32.78
24/07/2019,00:00:00,61.69,32.78
25/07/2019,00:00:00,61.68,32.80
26/07/2019,00:00:00,61.66,32.82
27/07/2019,00:00:00,61.66,32.82
28/07/2019,00:00:00,61.66,32.82
29/07/2019,00:00:00,61.65,32.83
30/07/2019,00:00:00,61.64,32.84
31/07/2019,00:00:00,61.63,32.85
01/08/2019,00:00:00,61.61,32.87
02/08/2019,00:00:00,61.60,32.88
03/08/2019,00:00:00,61.59,32.89
04/08/2019,00:00:00,61.58,32.90
05/08/2019,00:00:00,61.57,32.91
06/08/2019,00:00:00,61.55,32.93
07/08/2019,00:00:00,61.53,32.95
08/08/2019,00:00:00,61.53,32.95
09/08/2019,00:00:00,61.52,32.96
10/08/2019,00:00:00,61.51,32.96
11/08/2019,00:00:00,61.50,32.98
12/08/2019,00:00:00,61.49,32.99
13/08/2019,00:00:00,61.48,32.99
14/08/2019,00:00:00,61.47,33.00
15/08/2019,00:00:00,61.46,33.01
16/08/2019,00:00:00,61.45,33.03
17/08/2019,00:00:00,61.43,33.05
18/08/2019,00:00:00,61.42,33.06
19/08/2019,00:00:00,61.40,33.08
20/08/2019,00:00:00,61.39,33.09
21/08/2019,00:00:00,61.38,33.10
22/08/2019,00:00:00,61.37,33.10
23/08/2019,00:00:00,61.37,33.11
24/08/2019,00:00:00,61.36,33.12
25/08/2019,00:00:00,61.35,33.13
26/08/2019,00:00:00,61.34,33.14
27/08/2019,00:00:00,61.33,33.15
28/08/2019,00:00:00,61.31,33.17
29/08/2019,00:00:00,61.30,33.18
30/08/2019,00:00:00,61.29,33.19
31/08/2019,00:00:00,61.28,33.19
01/09/2019,00:00:00,61.28,33.20
02/09/2019,00:00:00,61.27,33.21
03/09/2019,00:00:00,61.26,33.22
04/09/2019,00:00:00,61.25,33.23
05/09/2019,00:00:00,61.24,33.24
06/09/2019,00:00:00,61.24,33.24
07/09/2019,00:00:00,61.21,33.26
08/09/2019,00:00:00,61.20,33.28
09/09/2019,00:00:00,61.19,33.29
10/09/2019,00:00:00,61.19,33.29
11/09/2019,00:00:00,61.18,33.30
12/09/2019,00:00:00,61.16,33.32
13/09/2019,00:00:00,61.15,33.33
14/09/2019,00:00:00,61.15,33.33
15/09/2019,00:00:00,61.13,33.34
16/09/2019,00:00:00,61.12,33.36
17/09/2019,00:00:00,61.12,33.36
18/09/2019,00:00:00,61.11,33.37
19/09/2019,00:00:00,61.10,33.38
20/09/2019,00:00:00,61.09,33.39
21/09/2019,00:00:00,61.08,33.40
22/09/2019,00:00:00,61.06,33.42
23/09/2019,00:00:00,61.06,33.42
24/09/2019,00:00:00,61.06,33.42
25/09/2019,00:00:00,61.06,33.42
26/09/2019,00:00:00,61.04,33.44
27/09/2019,00:00:00,61.03,33.45
28/09/2019,00:00:00,61.02,33.46
29/09/2019,00:00:00,61.00,33.48
30/09/2019,00:00:00,61.00,33.48
01/10/2019,00:00:00,61.00,33.48
02/10/2019,00:00:00,60.99,33.49
03/10/2019,00:00:00,60.98,33.50
04/10/2019,00:00:00,60.97,33.51
05/10/2019,00:00:00,60.97,33.51
06/10/2019,00:00:00,60.94,33.54
07/10/2019,00:00:00,60.94,33.54
08/10/2019,00:00:00,60.94,33.54
09/10/2019,00:00:00,60.90,33.58
10/10/2019,00:00:00,60.89,33.59
11/10/2019,00:00:00,60.89,33.59
12/10/2019,00:00:00,60.88,33.60
13/10/2019,00:00:00,60.86,33.62
14/10/2019,00:00:00,60.86,33.62
15/10/2019,00:00:00,60.85,33.63
16/10/2019,00:00:00,60.85,33.63
17/10/2019,00:00:00,60.84,33.64
18/10/2019,00:00:00,60.83,33.65
19/10/2019,00:00:00,60.82,33.66
20/10/2019,00:00:00,60.81,33.67
21/10/2019,00:00:00,60.80,33.68
22/10/2019,00:00:00,60.79,33.69
23/10/2019,00:00:00,60.78,33.70
24/10/2019,00:00:00,60.78,33.69
25/10/2019,00:00:00,60.78,33.70
26/10/2019,00:00:00,60.77,33.71
27/10/2019,00:00:00,60.75,33.73
28/10/2019,00:00:00,60.75,33.73
29/10/2019,00:00:00,60.74,33.74
30/10/2019,00:00:00,60.73,33.75
31/10/2019,00:00:00,60.72,33.76
01/11/2019,00:00:00,60.71,33.77
02/11/2019,00:00:00,60.70,33.78
03/11/2019,00:00:00,60.69,33.79
04/11/2019,00:00:00,60.68,33.80
05/11/2019,00:00:00,60.68,33.80
06/11/2019,00:00:00,60.66,33.81
07/11/2019,00:00:00,60.66,33.82
08/11/2019,00:00:00,60.65,33.82
09/11/2019,00:00:00,60.64,33.84
10/11/2019,00:00:00,60.62,33.85
11/11/2019,00:00:00,60.62,33.85
12/11/2019,00:00:00,60.61,33.87
13/11/2019,00:00:00,60.61,33.86
14/11/2019,00:00:00,60.61,33.87
15/11/2019,00:00:00,60.60,33.88
16/11/2019,00:00:00,60.58,33.90
17/11/2019,00:00:00,60.58,33.90
18/11/2019,00:00:00,60.59,33.89
19/11/2019,00:00:00,60.57,33.90
20/11/2019,00:00:00,60.57,33.91
21/11/2019,00:00:00,60.56,33.91
22/11/2019,00:00:00,60.57,33.91
23/11/2019,00:00:00,60.55,33.93
24/11/2019,00:00:00,60.54,33.94
25/11/2019,00:00:00,60.55,33.93
26/11/2019,00:00:00,60.56,33.92
27/11/2019,00:00:00,60.54,33.94
28/11/2019,00:00:00,60.53,33.95
29/11/2019,00:00:00,60.54,33.94
30/11/2019,00:00:00,60.54,33.94
01/12/2019,00:00:00,60.54,33.94
02/12/2019,00:00:00,60.52,33.96
03/12/2019,00:00:00,60.51,33.97
04/12/2019,00:00:00,60.52,33.96
05/12/2019,00:00:00,60.51,33.97
06/12/2019,00:00:00,60.49,33.99
07/12/2019,00:00:00,60.49,33.99
08/12/2019,00:00:00,60.50,33.97
09/12/2019,00:00:00,60.50,33.98
10/12/2019,00:00:00,60.50,33.98
11/12/2019,00:00:00,60.51,33.97
12/12/2019,00:00:00,60.49,33.99
13/12/2019,00:00:00,60.49,33.99
14/12/2019,00:00:00,60.48,34.00
15/12/2019,00:00:00,60.50,33.98
16/12/2019,00:00:00,60.43,34.05
17/12/2019,00:00:00,60.43,34.05
18/12/2019,00:00:00,60.44,34.04
19/12/2019,00:00:00,60.44,34.04
20/12/2019,00:00:00,60.44,34.04
21/12/2019,00:00:00,60.45,34.03
22/12/2019,00:00:00,60.46,34.02
23/12/2019,00:00:00,60.47,34.01
24/12/2019,00:00:00,60.49,33.99
25/12/2019,00:00:00,60.46,34.02
26/12/2019,00:00:00,60.44,34.04
27/12/2019,00:00:00,60.43,34.05
28/12/2019,00:00:00,60.42,34.06
29/12/2019,00:00:00,60.43,34.05
30/12/2019,00:00:00,60.44,34.04
31/12/2019,00:00:00,60.43,34.05
01/01/2020,00:00:00,60.42,34.05
02/01/2020,00:00:00,60.46,34.02
03/01/2020,00:00:00,60.48,34.00
04/01/2020,00:00:00,60.50,33.98
05/01/2020,00:00:00,60.52,33.95
06/01/2020,00:00:00,60.58,33.90
07/01/2020,00:00:00,60.61,33.87
08/01/2020,00:00:00,60.59,33.89
09/01/2020,00:00:00,60.61,33.87
10/01/2020,00:00:00,60.65,33.83
11/01/2020,00:00:00,60.69,33.78
12/01/2020,00:00:00,60.72,33.76
13/01/2020,00:00:00,60.75,33.73
14/01/2020,00:00:00,60.76,33.72
15/01/2020,00:00:00,60.78,33.69
16/01/2020,00:00:00,60.80,33.67
17/01/2020,00:00:00,60.82,33.66
18/01/2020,00:00:00,60.83,33.65
19/01/2020,00:00:00,60.84,33.64
20/01/2020,00:00:00,60.85,33.63
21/01/2020,00:00:00,60.83,33.65
22/01/2020,00:00:00,60.84,33.64
23/01/2020,00:00:00,60.88,33.60
24/01/2020,00:00:00,60.89,33.59
25/01/2020,00:00:00,60.87,33.61
26/01/2020,00:00:00,60.89,33.59
27/01/2020,00:00:00,60.90,33.58
28/01/2020,00:00:00,60.93,33.55
29/01/2020,00:00:00,60.92,33.56
30/01/2020,00:00:00,60.93,33.55
31/01/2020,00:00:00,60.93,33.55
01/02/2020,00:00:00,60.91,33.56
02/02/2020,00:00:00,60.93,33.55
03/02/2020,00:00:00,60.93,33.55
04/02/2020,00:00:00,60.93,33.55
05/02/2020,00:00:00,60.95,33.53
06/02/2020,00:00:00,60.99,33.49
07/02/2020,00:00:00,60.94,33.54
08/02/2020,00:00:00,60.91,33.57
09/02/2020,00:00:00,60.90,33.58
10/02/2020,00:00:00,60.90,33.58
11/02/2020,00:00:00,60.94,33.54
12/02/2020,00:00:00,60.98,33.50
13/02/2020,00:00:00,60.97,33.51
14/02/2020,00:00:00,60.95,33.53
15/02/2020,00:00:00,60.97,33.51
16/02/2020,00:00:00,60.98,33.50
17/02/2020,00:00:00,60.94,33.53
18/02/2020,00:00:00,60.96,33.52
19/02/2020,00:00:00,60.98,33.50
20/02/2020,00:00:00,60.98,33.50
21/02/2020,00:00:00,60.99,33.49
22/02/2020,00:00:00,60.96,33.51
23/02/2020,00:00:00,60.96,33.51
24/02/2020,00:00:00,60.95,33.53
25/02/2020,00:00:00,60.98,33.50
26/02/2020,00:00:00,60.97,33.51
27/02/2020,00:00:00,60.98,33.50
28/02/2020,00:00:00,60.98,33.50
29/02/2020,00:00:00,60.97,33.51
01/03/2020,00:00:00,60.96,33.52
02/03/2020,00:00:00,60.96,33.52
03/03/2020,00:00:00,60.96,33.52
04/03/2020,00:00:00,60.97,33.50
05/03/2020,00:00:00,60.99,33.49
06/03/2020,00:00:00,60.98,33.50
07/03/2020,00:00:00,60.95,33.52
08/03/2020,00:00:00,60.96,33.52
09/03/2020,00:00:00,60.95,33.52
10/03/2020,00:00:00,60.97,33.51
11/03/2020,00:00:00,60.95,33.53
12/03/2020,00:00:00,60.94,33.54
13/03/2020,00:00:00,60.95,33.53
14/03/2020,00:00:00,60.96,33.52
15/03/2020,00:00:00,60.95,33.53
16/03/2020,00:00:00,60.95,33.53
17/03/2020,00:00:00,60.92,33.56
18/03/2020,00:00:00,60.91,33.57
19/03/2020,00:00:00,60.93,33.55
20/03/2020,00:00:00,60.92,33.56
21/03/2020,00:00:00,60.93,33.55
22/03/2020,00:00:00,60.93,33.55
23/03/2020,00:00:00,60.94,33.54
24/03/2020,00:00:00,60.94,33.54
25/03/2020,00:00:00,60.92,33.56
26/03/2020,00:00:00,60.92,33.56
27/03/2020,00:00:00,60.93,33.55
28/03/2020,00:00:00,60.91,33.57
29/03/2020,00:00:00,60.91,33.57
30/03/2020,00:00:00,60.91,33.57
31/03/2020,00:00:00,60.91,33.57
01/04/2020,00:00:00,60.90,33.58
02/04/2020,00:00:00,60.89,33.59
03/04/2020,00:00:00,60.89,33.59
04/04/2020,00:00:00,60.88,33.59
05/04/2020,00:00:00,60.92,33.56
06/04/2020,00:00:00,60.88,33.60
07/04/2020,00:00:00,60.86,33.62
08/04/2020,00:00:00,60.85,33.63
09/04/2020,00:00:00,60.85,33.63
10/04/2020,00:00:00,60.90,33.58
11/04/2020,00:00:00,60.91,33.57
12/04/2020,00:00:00,60.90,33.58
13/04/2020,00:00:00,60.89,33.59
14/04/2020,00:00:00,60.89,33.59
15/04/2020,00:00:00,60.90,33.58
16/04/2020,00:00:00,60.91,33.56
17/04/2020,00:00:00,60.87,33.61
18/04/2020,00:00:00,60.89,33.59
19/04/2020,00:00:00,60.88,33.59
20/04/2020,00:00:00,60.88,33.59
21/04/2020,00:00:00,60.89,33.59
22/04/2020,00:00:00,60.89,33.59
23/04/2020,00:00:00,60.86,33.62
24/04/2020,00:00:00,60.86,33.62
25/04/2020,00:00:00,60.86,33.62
26/04/2020,00:00:00,60.86,33.62
27/04/2020,00:00:00,60.86,33.62
28/04/2020,00:00:00,60.85,33.63
29/04/2020,00:00:00,60.84,33.64
30/04/2020,00:00:00,60.84,33.64
01/05/2020,00:00:00,60.84,33.64
02/05/2020,00:00:00,60.83,33.65
03/05/2020,00:00:00,60.83,33.65
04/05/2020,00:00:00,60.83,33.65
05/05/2020,00:00:00,60.82,33.66
06/05/2020,00:00:00,60.79,33.69
07/05/2020,00:00:00,60.81,33.67
08/05/2020,00:00:00,60.80,33.68
09/05/2020,00:00:00,60.77,33.71
10/05/2020,00:00:00,60.78,33.70
11/05/2020,00:00:00,60.78,33.70
12/05/2020,00:00:00,60.77,33.71
13/05/2020,00:00:00,60.78,33.70
14/05/2020,00:00:00,60.75,33.73
15/05/2020,00:00:00,60.75,33.73
16/05/2020,00:00:00,60.75,33.73
17/05/2020,00:00:00,60.75,33.73
18/05/2020,00:00:00,60.74,33.74
19/05/2020,00:00:00,60.74,33.74
20/05/2020,00:00:00,60.74,33.74
21/05/2020,00:00:00,60.75,33.73
22/05/2020,00:00:00,60.74,33.74
23/05/2020,00:00:00,60.71,33.77
24/05/2020,00:00:00,60.70,33.78
25/05/2020,00:00:00,60.70,33.78
26/05/2020,00:00:00,60.71,33.77
27/05/2020,00:00:00,60.70,33.78
28/05/2020,00:00:00,60.69,33.79
29/05/2020,00:00:00,60.69,33.79
30/05/2020,00:00:00,60.69,33.79
31/05/2020,00:00:00,60.68,33.80
01/06/2020,00:00:00,60.68,33.80
02/06/2020,00:00:00,60.69,33.79
03/06/2020,00:00:00,60.67,33.81
04/06/2020,00:00:00,60.67,33.81
05/06/2020,00:00:00,60.65,33.83
06/06/2020,00:00:00,60.66,33.82
07/06/2020,00:00:00,60.67,33.81
08/06/2020,00:00:00,60.65,33.83
09/06/2020,00:00:00,60.65,33.83
10/06/2020,00:00:00,60.65,33.83
11/06/2020,00:00:00,60.66,33.82
12/06/2020,00:00:00,60.66,33.82
13/06/2020,00:00:00,60.66,33.81
14/06/2020,00:00:00,60.66,33.81
15/06/2020,00:00:00,60.66,33.82
16/06/2020,00:00:00,60.65,33.83
17/06/2020,00:00:00,60.65,33.83
18/06/2020,00:00:00,60.64,33.84
19/06/2020,00:00:00,60.63,33.85
20/06/2020,00:00:00,60.61,33.87
21/06/2020,00:00:00,60.61,33.87
22/06/2020,00:00:00,60.61,33.87
23/06/2020,00:00:00,60.59,33.89
24/06/2020,00:00:00,60.58,33.90
25/06/2020,00:00:00,60.57,33.91
26/06/2020,00:00:00,60.57,33.91
27/06/2020,00:00:00,60.57,33.91
28/06/2020,00:00:00,60.57,33.91
29/06/2020,00:00:00,60.55,33.92
30/06/2020,00:00:00,60.56,33.92
01/07/2020,00:00:00,60.55,33.93
02/07/2020,00:00:00,60.54,33.94
03/07/2020,00:00:00,60.54,33.94
04/07/2020,00:00:00,60.54,33.94
05/07/2020,00:00:00,60.53,33.95
06/07/2020,00:00:00,60.53,33.95
07/07/2020,00:00:00,60.53,33.95
08/07/2020,00:00:00,60.52,33.96
09/07/2020,00:00:00,60.49,33.99
10/07/2020,00:00:00,60.49,33.99
11/07/2020,00:00:00,60.49,33.99
12/07/2020,00:00:00,60.49,33.99
13/07/2020,00:00:00,60.49,33.99
14/07/2020,00:00:00,60.49,33.99
15/07/2020,00:00:00,60.48,34.00
16/07/2020,00:00:00,60.47,34.01
17/07/2020,00:00:00,60.48,34.00
18/07/2020,00:00:00,60.48,34.00
19/07/2020,00:00:00,60.47,34.01
20/07/2020,00:00:00,60.46,34.02
21/07/2020,00:00:00,60.46,34.02
22/07/2020,00:00:00,60.45,34.03
23/07/2020,00:00:00,60.45,34.02
24/07/2020,00:00:00,60.46,34.02
25/07/2020,00:00:00,60.45,34.03
26/07/2020,00:00:00,60.45,34.03
27/07/2020,00:00:00,60.44,34.04
28/07/2020,00:00:00,60.44,34.04
29/07/2020,00:00:00,60.43,34.05
30/07/2020,00:00:00,60.43,34.05
31/07/2020,00:00:00,60.43,34.05
01/08/2020,00:00:00,60.43,34.05
02/08/2020,00:00:00,60.43,34.04
03/08/2020,00:00:00,60.42,34.06
04/08/2020,00:00:00,60.41,34.06
05/08/2020,00:00:00,60.42,34.06
06/08/2020,00:00:00,60.42,34.06
07/08/2020,00:00:00,60.41,34.07
08/08/2020,00:00:00,60.40,34.08
09/08/2020,00:00:00,60.41,34.07
10/08/2020,00:00:00,60.41,34.07
11/08/2020,00:00:00,60.39,34.09
12/08/2020,00:00:00,60.39,34.09
13/08/2020,00:00:00,60.39,34.09
14/08/2020,00:00:00,60.39,34.09
15/08/2020,00:00:00,60.39,34.09
16/08/2020,00:00:00,60.39,34.09
17/08/2020,00:00:00,60.39,34.09
18/08/2020,00:00:00,60.37,34.10
19/08/2020,00:00:00,60.38,34.10
20/08/2020,00:00:00,60.38,34.10
21/08/2020,00:00:00,60.37,34.11
22/08/2020,00:00:00,60.36,34.12
23/08/2020,00:00:00,60.36,34.11
24/08/2020,00:00:00,60.37,34.11
25/08/2020,00:00:00,60.36,34.11
26/08/2020,00:00:00,60.36,34.12
27/08/2020,00:00:00,60.35,34.13
28/08/2020,00:00:00,60.35,34.13
29/08/2020,00:00:00,60.35,34.12
30/08/2020,00:00:00,60.35,34.13
31/08/2020,00:00:00,60.34,34.13
01/09/2020,00:00:00,60.35,34.13
02/09/2020,00:00:00,60.35,34.13
03/09/2020,00:00:00,60.34,34.14
04/09/2020,00:00:00,60.33,34.15
05/09/2020,00:00:00,60.33,34.15
06/09/2020,00:00:00,60.33,34.15
07/09/2020,00:00:00,60.33,34.15
08/09/2020,00:00:00,60.32,34.16
09/09/2020,00:00:00,60.32,34.16
10/09/2020,00:00:00,60.32,34.16
11/09/2020,00:00:00,60.33,34.15
12/09/2020,00:00:00,60.32,34.16
13/09/2020,00:00:00,60.31,34.17
14/09/2020,00:00:00,60.30,34.17
15/09/2020,00:00:00,60.30,34.18
16/09/2020,00:00:00,60.31,34.17
17/09/2020,00:00:00,60.31,34.17
18/09/2020,00:00:00,60.31,34.17
19/09/2020,00:00:00,60.31,34.17
20/09/2020,00:00:00,60.31,34.17
21/09/2020,00:00:00,60.30,34.18
22/09/2020,00:00:00,60.29,34.19
23/09/2020,00:00:00,60.29,34.19
24/09/2020,00:00:00,60.29,34.19
25/09/2020,00:00:00,60.29,34.18
26/09/2020,00:00:00,60.29,34.18
27/09/2020,00:00:00,60.31,34.17
28/09/2020,00:00:00,60.28,34.20
29/09/2020,00:00:00,60.28,34.20
30/09/2020,00:00:00,60.28,34.20
01/10/2020,00:00:00,60.29,34.19
02/10/2020,00:00:00,60.28,34.20
03/10/2020,00:00:00,60.27,34.21
04/10/2020,00:00:00,60.27,34.21
05/10/2020,00:00:00,60.27,34.21
06/10/2020,00:00:00,60.27,34.21
07/10/2020,00:00:00,60.27,34.21
08/10/2020,00:00:00,60.27,34.21
09/10/2020,00:00:00,60.27,34.21
10/10/2020,00:00:00,60.25,34.22
11/10/2020,00:00:00,60.25,34.23
12/10/2020,00:00:00,60.26,34.22
13/10/2020,00:00:00,60.26,34.22
14/10/2020,00:00:00,60.26,34.22
15/10/2020,00:00:00,60.24,34.24
16/10/2020,00:00:00,60.24,34.24
17/10/2020,00:00:00,60.25,34.23
18/10/2020,00:00:00,60.25,34.23
19/10/2020,00:00:00,60.24,34.24
20/10/2020,00:00:00,60.23,34.25
21/10/2020,00:00:00,60.23,34.25
22/10/2020,00:00:00,60.24,34.24
23/10/2020,00:00:00,60.26,34.22
24/10/2020,00:00:00,60.26,34.22
25/10/2020,00:00:00,60.27,34.21
26/10/2020,00:00:00,60.28,34.20
27/10/2020,00:00:00,60.28,34.20
28/10/2020,00:00:00,60.28,34.19
29/10/2020,00:00:00,60.30,34.18
30/10/2020,00:00:00,60.29,34.19
31/10/2020,00:00:00,60.31,34.17
01/11/2020,00:00:00,60.33,34.15
02/11/2020,00:00:00,60.34,34.14
03/11/2020,00:00:00,60.33,34.15
04/11/2020,00:00:00,60.34,34.14
05/11/2020,00:00:00,60.34,34.14
06/11/2020,00:00:00,60.34,34.14
07/11/2020,00:00:00,60.34,34.14
08/11/2020,00:00:00,60.33,34.14
09/11/2020,00:00:00,60.34,34.14
10/11/2020,00:00:00,60.35,34.13
11/11/2020,00:00:00,60.35,34.13
12/11/2020,00:00:00,60.39,34.09
13/11/2020,00:00:00,60.36,34.12
14/11/2020,00:00:00,60.38,34.10
15/11/2020,00:00:00,60.39,34.09
16/11/2020,00:00:00,60.40,34.08
17/11/2020,00:00:00,60.42,34.06
18/11/2020,00:00:00,60.43,34.05
19/11/2020,00:00:00,60.44,34.04
20/11/2020,00:00:00,60.46,34.01
21/11/2020,00:00:00,60.48,34.00
22/11/2020,00:00:00,60.46,34.02
23/11/2020,00:00:00,*,*
24/11/2020,00:00:00,60.48,33.99
25/11/2020,00:00:00,60.51,33.97
26/11/2020,00:00:00,60.51,33.97
27/11/2020,00:00:00,60.51,33.97
28/11/2020,00:00:00,60.52,33.96
29/11/2020,00:00:00,60.52,33.96
30/11/2020,00:00:00,60.54,33.93
01/12/2020,00:00:00,60.56,33.92
02/12/2020,00:00:00,60.56,33.92
03/12/2020,00:00:00,60.57,33.91
04/12/2020,00:00:00,60.60,33.88
05/12/2020,00:00:00,60.62,33.86
06/12/2020,00:00:00,60.62,33.86
07/12/2020,00:00:00,60.65,33.83
08/12/2020,00:00:00,60.66,33.82
09/12/2020,00:00:00,60.67,33.81
10/12/2020,00:00:00,60.68,33.79
11/12/2020,00:00:00,60.72,33.76
12/12/2020,00:00:00,60.72,33.76
13/12/2020,00:00:00,60.76,33.72
14/12/2020,00:00:00,60.79,33.69
15/12/2020,00:00:00,60.79,33.69
16/12/2020,00:00:00,60.75,33.73
17/12/2020,00:00:00,60.76,33.72
18/12/2020,00:00:00,60.80,33.68
19/12/2020,00:00:00,60.82,33.65
20/12/2020,00:00:00,60.85,33.63
21/12/2020,00:00:00,60.87,33.61
22/12/2020,00:00:00,60.89,33.59
23/12/2020,00:00:00,60.90,33.58
24/12/2020,00:00:00,60.92,33.56
25/12/2020,00:00:00,60.94,33.53
26/12/2020,00:00:00,60.96,33.52
27/12/2020,00:00:00,60.97,33.51
28/12/2020,00:00:00,60.99,33.49
29/12/2020,00:00:00,60.99,33.48
30/12/2020,00:00:00,60.99,33.48
31/12/2020,00:00:00,61.00,33.47
01/01/2021,00:00:00,61.02,33.46
02/01/2021,00:00:00,61.02,33.46
03/01/2021,00:00:00,61.02,33.45
04/01/2021,00:00:00,61.03,33.45
05/01/2021,00:00:00,61.07,33.41
06/01/2021,00:00:00,61.04,33.44
07/01/2021,00:00:00,61.05,33.43
08/01/2021,00:00:00,61.06,33.42
09/01/2021,00:00:00,61.08,33.40
10/01/2021,00:00:00,61.09,33.39
11/01/2021,00:00:00,61.08,33.40
12/01/2021,00:00:00,61.09,33.39
13/01/2021,00:00:00,61.12,33.36
14/01/2021,00:00:00,61.11,33.37
15/01/2021,00:00:00,61.11,33.37
16/01/2021,00:00:00,61.13,33.35
17/01/2021,00:00:00,61.15,33.33
18/01/2021,00:00:00,61.12,33.36
19/01/2021,00:00:00,61.12,33.35
20/01/2021,00:00:00,61.10,33.38
21/01/2021,00:00:00,61.10,33.38
22/01/2021,00:00:00,61.12,33.36
23/01/2021,00:00:00,61.15,33.33
24/01/2021,00:00:00,61.18,33.30
25/01/2021,00:00:00,61.20,33.28
26/01/2021,00:00:00,61.20,33.28
27/01/2021,00:00:00,61.22,33.26
28/01/2021,00:00:00,61.24,33.24
29/01/2021,00:00:00,61.20,33.27
30/01/2021,00:00:00,61.22,33.26
31/01/2021,00:00:00,61.25,33.22
01/02/2021,00:00:00,61.24,33.23
02/02/2021,00:00:00,61.25,33.23
03/02/2021,00:00:00,61.24,33.24
04/02/2021,00:00:00,61.24,33.24
05/02/2021,00:00:00,61.25,33.23
06/02/2021,00:00:00,61.25,33.23
07/02/2021,00:00:00,61.26,33.22
08/02/2021,00:00:00,61.27,33.21
09/02/2021,00:00:00,61.29,33.19
10/02/2021,00:00:00,61.26,33.22
11/02/2021,00:00:00,61.27,33.21
12/02/2021,00:00:00,61.29,33.19
13/02/2021,00:00:00,61.27,33.21
14/02/2021,00:00:00,61.28,33.20
15/02/2021,00:00:00,61.30,33.18
16/02/2021,00:00:00,61.29,33.19
17/02/2021,00:00:00,61.29,33.19
18/02/2021,00:00:00,61.29,33.19
19/02/2021,00:00:00,61.31,33.17
20/02/2021,00:00:00,61.30,33.17
21/02/2021,00:00:00,61.33,33.15
22/02/2021,00:00:00,61.34,33.14
23/02/2021,00:00:00,61.34,33.14
24/02/2021,00:00:00,61.35,33.13
25/02/2021,00:00:00,61.37,33.11
26/02/2021,00:00:00,61.38,33.10
27/02/2021,00:00:00,61.40,33.08
28/02/2021,00:00:00,61.42,33.06
01/03/2021,00:00:00,61.41,33.07
02/03/2021,00:00:00,61.41,33.07
03/03/2021,00:00:00,61.41,33.07
04/03/2021,00:00:00,61.42,33.06
05/03/2021,00:00:00,61.44,33.04
06/03/2021,00:00:00,61.45,33.03
07/03/2021,00:00:00,61.45,33.03
08/03/2021,00:00:00,61.46,33.02
09/03/2021,00:00:00,61.48,33.00
10/03/2021,00:00:00,61.48,33.00
11/03/2021,00:00:00,61.48,33.00
12/03/2021,00:00:00,61.47,33.01
13/03/2021,00:00:00,61.46,33.02
14/03/2021,00:00:00,61.48,33.00
15/03/2021,00:00:00,61.48,33.00
16/03/2021,00:00:00,61.49,32.99
17/03/2021,00:00:00,61.49,32.99
18/03/2021,00:00:00,61.49,32.99
19/03/2021,00:00:00,61.48,33.00
20/03/2021,00:00:00,61.48,32.99
21/03/2021,00:00:00,61.48,33.00
22/03/2021,00:00:00,61.50,32.98
23/03/2021,00:00:00,61.49,32.99
24/03/2021,00:00:00,61.49,32.99
25/03/2021,00:00:00,61.48,33.00
26/03/2021,00:00:00,61.47,33.00
27/03/2021,00:00:00,61.48,33.00
28/03/2021,00:00:00,61.49,32.99
29/03/2021,00:00:00,61.50,32.98
30/03/2021,00:00:00,61.52,32.96
31/03/2021,00:00:00,61.54,32.94
01/04/2021,00:00:00,61.57,32.91
02/04/2021,00:00:00,61.58,32.90
03/04/2021,00:00:00,61.57,32.91
04/04/2021,00:00:00,61.60,32.87
05/04/2021,00:00:00,61.63,32.85
06/04/2021,00:00:00,61.64,32.84
07/04/2021,00:00:00,61.67,32.81
08/04/2021,00:00:00,61.64,32.84
09/04/2021,00:00:00,61.64,32.84
10/04/2021,00:00:00,61.62,32.86
11/04/2021,00:00:00,61.65,32.83
12/04/2021,00:00:00,61.66,32.82
13/04/2021,00:00:00,61.67,32.81
14/04/2021,00:00:00,61.69,32.79
15/04/2021,00:00:00,61.70,32.78
16/04/2021,00:00:00,61.70,32.78
17/04/2021,00:00:00,61.71,32.77
18/04/2021,00:00:00,61.73,32.75
19/04/2021,00:00:00,61.71,32.77
20/04/2021,00:00:00,61.71,32.77
21/04/2021,00:00:00,61.71,32.77
22/04/2021,00:00:00,61.70,32.77
23/04/2021,00:00:00,61.71,32.77
24/04/2021,00:00:00,61.73,32.75
25/04/2021,00:00:00,61.74,32.73
26/04/2021,00:00:00,61.74,32.74
27/04/2021,00:00:00,61.73,32.75
28/04/2021,00:00:00,61.74,32.73
29/04/2021,00:00:00,61.75,32.73
30/04/2021,00:00:00,61.74,32.74
01/05/2021,00:00:00,61.73,32.75
02/05/2021,00:00:00,61.74,32.74
03/05/2021,00:00:00,61.75,32.73
04/05/2021,00:00:00,61.75,32.73
05/05/2021,00:00:00,61.75,32.73
06/05/2021,00:00:00,61.75,32.73
07/05/2021,00:00:00,61.74,32.74
08/05/2021,00:00:00,61.75,32.73
09/05/2021,00:00:00,61.76,32.72
10/05/2021,00:00:00,61.72,32.76
11/05/2021,00:00:00,61.73,32.75
12/05/2021,00:00:00,61.75,32.73
13/05/2021,00:00:00,61.75,32.73
14/05/2021,00:00:00,61.75,32.73
15/05/2021,00:00:00,61.73,32.75
16/05/2021,00:00:00,61.75,32.73
17/05/2021,00:00:00,61.74,32.74
18/05/2021,00:00:00,61.74,32.74
19/05/2021,00:00:00,61.74,32.74
20/05/2021,00:00:00,61.73,32.75
21/05/2021,00:00:00,61.74,32.74
22/05/2021,00:00:00,61.72,32.76
23/05/2021,00:00:00,61.71,32.77
24/05/2021,00:00:00,61.72,32.76
25/05/2021,00:00:00,61.72,32.76
26/05/2021,00:00:00,61.72,32.76
27/05/2021,00:00:00,61.73,32.75
28/05/2021,00:00:00,61.73,32.75
29/05/2021,00:00:00,61.72,32.76
30/05/2021,00:00:00,61.71,32.76
31/05/2021,00:00:00,61.72,32.76
01/06/2021,00:00:00,61.72,32.76
02/06/2021,00:00:00,61.70,32.77
03/06/2021,00:00:00,61.68,32.79
04/06/2021,00:00:00,61.68,32.80
05/06/2021,00:00:00,61.67,32.81
06/06/2021,00:00:00,61.68,32.80
07/06/2021,00:00:00,61.68,32.80
08/06/2021,00:00:00,61.68,32.80
09/06/2021,00:00:00,61.69,32.79
10/06/2021,00:00:00,61.68,32.80
11/06/2021,00:00:00,61.67,32.81
12/06/2021,00:00:00,61.67,32.81
13/06/2021,00:00:00,61.65,32.83
14/06/2021,00:00:00,61.65,32.83
15/06/2021,00:00:00,61.65,32.83
16/06/2021,00:00:00,61.64,32.84
17/06/2021,00:00:00,61.63,32.85
18/06/2021,00:00:00,61.62,32.86
19/06/2021,00:00:00,61.62,32.86
20/06/2021,00:00:00,61.63,32.85
21/06/2021,00:00:00,61.63,32.85
22/06/2021,00:00:00,61.61,32.87
23/06/2021,00:00:00,61.60,32.87
24/06/2021,00:00:00,61.60,32.88
25/06/2021,00:00:00,61.59,32.89
26/06/2021,00:00:00,61.59,32.89
27/06/2021,00:00:00,61.59,32.89
28/06/2021,00:00:00,61.58,32.90
29/06/2021,00:00:00,61.57,32.91
30/06/2021,00:00:00,61.57,32.91
01/07/2021,00:00:00,61.57,32.91
02/07/2021,00:00:00,61.57,32.91
03/07/2021,00:00:00,61.57,32.91
04/07/2021,00:00:00,61.56,32.91
05/07/2021,00:00:00,61.56,32.92
06/07/2021,00:00:00,61.56,32.92
07/07/2021,00:00:00,61.56,32.92
08/07/2021,00:00:00,61.55,32.93
09/07/2021,00:00:00,61.54,32.94
10/07/2021,00:00:00,61.55,32.93
11/07/2021,00:00:00,61.55,32.92
12/07/2021,00:00:00,61.55,32.93
13/07/2021,00:00:00,61.54,32.93
14/07/2021,00:00:00,61.54,32.94
15/07/2021,00:00:00,61.54,32.94
16/07/2021,00:00:00,61.54,32.94
17/07/2021,00:00:00,61.54,32.94
18/07/2021,00:00:00,61.54,32.94
19/07/2021,00:00:00,61.54,32.94
20/07/2021,00:00:00,61.53,32.95
21/07/2021,00:00:00,61.52,32.95
22/07/2021,00:00:00,61.52,32.96
23/07/2021,00:00:00,61.52,32.96
24/07/2021,00:00:00,61.52,32.96
25/07/2021,00:00:00,61.52,32.96
26/07/2021,00:00:00,61.51,32.97
27/07/2021,00:00:00,61.51,32.97
28/07/2021,00:00:00,61.51,32.97
29/07/2021,00:00:00,61.51,32.97
30/07/2021,00:00:00,61.51,32.97
31/07/2021,00:00:00,61.51,32.97
01/08/2021,00:00:00,61.51,32.97
02/08/2021,00:00:00,61.51,32.97
03/08/2021,00:00:00,61.50,32.97
04/08/2021,00:00:00,61.50,32.98
05/08/2021,00:00:00,61.50,32.98
06/08/2021,00:00:00,61.50,32.98
07/08/2021,00:00:00,61.50,32.97
08/08/2021,00:00:00,61.50,32.98
09/08/2021,00:00:00,61.49,32.99
10/08/2021,00:00:00,61.49,32.99
11/08/2021,00:00:00,61.50,32.98
12/08/2021,00:00:00,61.50,32.98
13/08/2021,00:00:00,61.49,32.99
14/08/2021,00:00:00,61.49,32.99
15/08/2021,00:00:00,61.49,32.99
16/08/2021,00:00:00,61.49,32.99
17/08/2021,00:00:00,61.49,32.99
18/08/2021,00:00:00,61.49,32.99
19/08/2021,00:00:00,61.49,32.99
20/08/2021,00:00:00,61.49,32.99
21/08/2021,00:00:00,61.48,33.00
22/08/2021,00:00:00,61.48,33.00
23/08/2021,00:00:00,61.48,33.00
24/08/2021,00:00:00,61.48,33.00
25/08/2021,00:00:00,61.48,33.00
26/08/2021,00:00:00,61.48,33.00
27/08/2021,00:00:00,61.47,33.00
28/08/2021,00:00:00,61.47,33.01
29/08/2021,00:00:00,61.47,33.01
30/08/2021,00:00:00,61.46,33.02
31/08/2021,00:00:00,61.45,33.03
01/09/2021,00:00:00,61.44,33.04
02/09/2021,00:00:00,61.44,33.04
03/09/2021,00:00:00,61.43,33.05
04/09/2021,00:00:00,61.43,33.05
05/09/2021,00:00:00,61.43,33.05
06/09/2021,00:00:00,61.43,33.05
07/09/2021,00:00:00,61.42,33.06
08/09/2021,00:00:00,61.42,33.06
09/09/2021,00:00:00,61.42,33.06
10/09/2021,00:00:00,61.41,33.07
11/09/2021,00:00:00,61.41,33.07
12/09/2021,00:00:00,61.41,33.07
13/09/2021,00:00:00,61.42,33.06
14/09/2021,00:00:00,61.41,33.07
15/09/2021,00:00:00,61.39,33.08
16/09/2021,00:00:00,61.39,33.09
17/09/2021,00:00:00,61.38,33.09
18/09/2021,00:00:00,61.39,33.09
19/09/2021,00:00:00,61.39,33.09
20/09/2021,00:00:00,61.38,33.10
21/09/2021,00:00:00,61.38,33.10
22/09/2021,00:00:00,61.37,33.11
23/09/2021,00:00:00,61.37,33.11
24/09/2021,00:00:00,61.37,33.11
25/09/2021,00:00:00,61.35,33.13
26/09/2021,00:00:00,61.35,33.13
27/09/2021,00:00:00,61.35,33.13
28/09/2021,00:00:00,61.36,33.12
29/09/2021,00:00:00,61.36,33.11
30/09/2021,00:00:00,61.35,33.12
01/10/2021,00:00:00,61.35,33.13
02/10/2021,00:00:00,61.35,33.13
03/10/2021,00:00:00,61.34,33.14
04/10/2021,00:00:00,61.33,33.14
05/10/2021,00:00:00,61.33,33.15
06/10/2021,00:00:00,61.33,33.15
07/10/2021,00:00:00,61.33,33.15
08/10/2021,00:00:00,61.33,33.15
09/10/2021,00:00:00,61.33,33.15
10/10/2021,00:00:00,61.32,33.16
11/10/2021,00:00:00,61.31,33.17
12/10/2021,00:00:00,61.32,33.16
13/10/2021,00:00:00,61.32,33.15
14/10/2021,00:00:00,61.31,33.17
15/10/2021,00:00:00,61.31,33.17
16/10/2021,00:00:00,61.32,33.16
17/10/2021,00:00:00,61.30,33.18
18/10/2021,00:00:00,61.29,33.19
19/10/2021,00:00:00,61.28,33.20
20/10/2021,00:00:00,61.27,33.21
21/10/2021,00:00:00,61.27,33.21
22/10/2021,00:00:00,61.28,33.20
23/10/2021,00:00:00,61.27,33.20
24/10/2021,00:00:00,61.27,33.21
25/10/2021,00:00:00,61.27,33.21
26/10/2021,00:00:00,61.26,33.22
27/10/2021,00:00:00,61.26,33.22
28/10/2021,00:00:00,61.26,33.22
29/10/2021,00:00:00,61.25,33.23
30/10/2021,00:00:00,61.25,33.23
31/10/2021,00:00:00,61.25,33.23
01/11/2021,00:00:00,61.25,33.23
02/11/2021,00:00:00,61.25,33.23
03/11/2021,00:00:00,61.25,33.23
04/11/2021,00:00:00,61.23,33.25
05/11/2021,00:00:00,61.22,33.26
06/11/2021,00:00:00,61.22,33.26
07/11/2021,00:00:00,61.22,33.26
08/11/2021,00:00:00,61.22,33.26
09/11/2021,00:00:00,61.22,33.26
10/11/2021,00:00:00,61.20,33.28
11/11/2021,00:00:00,61.19,33.29
12/11/2021,00:00:00,61.21,33.27
13/11/2021,00:00:00,61.21,33.27
14/11/2021,00:00:00,61.20,33.28
15/11/2021,00:00:00,61.20,33.28
16/11/2021,00:00:00,61.19,33.29
17/11/2021,00:00:00,61.19,33.29
18/11/2021,00:00:00,61.18,33.30
19/11/2021,00:00:00,61.17,33.31
20/11/2021,00:00:00,61.18,33.30
21/11/2021,00:00:00,61.18,33.30
22/11/2021,00:00:00,61.17,33.31
23/11/2021,00:00:00,61.17,33.31
24/11/2021,00:00:00,61.16,33.32
25/11/2021,00:00:00,61.16,33.32
26/11/2021,00:00:00,61.15,33.33
27/11/2021,00:00:00,61.18,33.30
28/11/2021,00:00:00,61.16,33.32
29/11/2021,00:00:00,61.15,33.33
30/11/2021,00:00:00,61.15,33.33
01/12/2021,00:00:00,61.13,33.34
02/12/2021,00:00:00,61.12,33.36
03/12/2021,00:00:00,61.13,33.35
04/12/2021,00:00:00,61.13,33.34
05/12/2021,00:00:00,61.14,33.34
06/12/2021,00:00:00,61.12,33.36
07/12/2021,00:00:00,61.13,33.35
08/12/2021,00:00:00,61.15,33.33
09/12/2021,00:00:00,61.10,33.38
10/12/2021,00:00:00,61.10,33.38
11/12/2021,00:00:00,61.10,33.38
12/12/2021,00:00:00,61.11,33.37
13/12/2021,00:00:00,61.09,33.39
14/12/2021,00:00:00,61.09,33.39
15/12/2021,00:00:00,61.10,33.38
16/12/2021,00:00:00,61.08,33.40
17/12/2021,00:00:00,61.07,33.41
18/12/2021,00:00:00,61.08,33.40
19/12/2021,00:00:00,61.11,33.37
20/12/2021,00:00:00,61.09,33.39
21/12/2021,00:00:00,61.09,33.39
22/12/2021,00:00:00,61.07,33.41
23/12/2021,00:00:00,61.07,33.41
24/12/2021,00:00:00,61.08,33.40
25/12/2021,00:00:00,61.09,33.39
26/12/2021,00:00:00,61.09,33.39
27/12/2021,00:00:00,61.09,33.39
28/12/2021,00:00:00,61.09,33.39
29/12/2021,00:00:00,61.12,33.36
30/12/2021,00:00:00,61.12,33.36
31/12/2021,00:00:00,61.11,33.36
01/01/2022,00:00:00,61.08,33.39
02/01/2022,00:00:00,61.08,33.40
03/01/2022,00:00:00,61.08,33.40
04/01/2022,00:00:00,61.11,33.37
05/01/2022,00:00:00,61.13,33.35
06/01/2022,00:00:00,61.14,33.34
07/01/2022,00:00:00,61.15,33.33
08/01/2022,00:00:00,61.15,33.33
09/01/2022,00:00:00,61.17,33.31
10/01/2022,00:00:00,61.19,33.29
11/01/2022,00:00:00,61.20,33.28
12/01/2022,00:00:00,61.19,33.29
13/01/2022,00:00:00,61.14,33.34
14/01/2022,00:00:00,61.11,33.37
15/01/2022,00:00:00,61.15,33.33
16/01/2022,00:00:00,61.18,33.29
17/01/2022,00:00:00,61.16,33.32
18/01/2022,00:00:00,61.18,33.30
19/01/2022,00:00:00,61.19,33.29
20/01/2022,00:00:00,61.17,33.31
21/01/2022,00:00:00,61.20,33.28
22/01/2022,00:00:00,61.21,33.27
23/01/2022,00:00:00,61.24,33.24
24/01/2022,00:00:00,61.21,33.27
25/01/2022,00:00:00,61.23,33.25
26/01/2022,00:00:00,61.22,33.26
27/01/2022,00:00:00,61.23,33.25
28/01/2022,00:00:00,61.24,33.24
29/01/2022,00:00:00,61.27,33.21
30/01/2022,00:00:00,61.30,33.18
31/01/2022,00:00:00,61.32,33.16
01/02/2022,00:00:00,61.31,33.17
02/02/2022,00:00:00,61.36,33.12
03/02/2022,00:00:00,61.35,33.12
04/02/2022,00:00:00,61.36,33.11
05/02/2022,00:00:00,61.30,33.18
06/02/2022,00:00:00,61.37,33.11
07/02/2022,00:00:00,61.39,33.09
08/02/2022,00:00:00,61.44,33.04
09/02/2022,00:00:00,61.47,33.01
10/02/2022,00:00:00,61.43,33.05
11/02/2022,00:00:00,61.45,33.03
12/02/2022,00:00:00,61.47,33.01
13/02/2022,00:00:00,61.48,33.00
14/02/2022,00:00:00,61.49,32.99
15/02/2022,00:00:00,61.49,32.99
16/02/2022,00:00:00,61.49,32.99
17/02/2022,00:00:00,61.49,32.99
18/02/2022,00:00:00,61.50,32.98
19/02/2022,00:00:00,61.50,32.98
20/02/2022,00:00:00,61.49,32.99
21/02/2022,00:00:00,61.50,32.98
22/02/2022,00:00:00,61.51,32.97
23/02/2022,00:00:00,61.51,32.96
24/02/2022,00:00:00,61.51,32.97
25/02/2022,00:00:00,61.52,32.96
26/02/2022,00:00:00,61.50,32.98
27/02/2022,00:00:00,61.51,32.97
28/02/2022,00:00:00,61.52,32.96
01/03/2022,00:00:00,61.52,32.96
02/03/2022,00:00:00,61.53,32.95
03/03/2022,00:00:00,61.55,32.93
04/03/2022,00:00:00,61.53,32.95
05/03/2022,00:00:00,61.55,32.93
06/03/2022,00:00:00,61.56,32.92
07/03/2022,00:00:00,61.58,32.90
08/03/2022,00:00:00,61.57,32.91
09/03/2022,00:00:00,61.60,32.88
10/03/2022,00:00:00,61.61,32.87
11/03/2022,00:00:00,61.67,32.80
12/03/2022,00:00:00,61.61,32.87
13/03/2022,00:00:00,61.66,32.82
14/03/2022,00:00:00,61.68,32.80
15/03/2022,00:00:00,61.71,32.77
16/03/2022,00:00:00,61.74,32.74
17/03/2022,00:00:00,61.80,32.67
18/03/2022,00:00:00,61.83,32.65
19/03/2022,00:00:00,61.81,32.67
20/03/2022,00:00:00,61.84,32.64
21/03/2022,00:00:00,61.87,32.60
22/03/2022,00:00:00,61.89,32.59
23/03/2022,00:00:00,61.89,32.59
24/03/2022,00:00:00,61.91,32.57
25/03/2022,00:00:00,61.92,32.56
26/03/2022,00:00:00,61.94,32.54
27/03/2022,00:00:00,61.93,32.54
28/03/2022,00:00:00,61.95,32.53
29/03/2022,00:00:00,61.97,32.51
30/03/2022,00:00:00,62.01,32.46
31/03/2022,00:00:00,62.02,32.46
01/04/2022,00:00:00,62.04,32.44
02/04/2022,00:00:00,62.06,32.42
03/04/2022,00:00:00,62.03,32.45
04/04/2022,00:00:00,62.03,32.45
05/04/2022,00:00:00,62.05,32.43
06/04/2022,00:00:00,62.08,32.40
07/04/2022,00:00:00,62.06,32.42
08/04/2022,00:00:00,62.10,32.38
09/04/2022,00:00:00,62.07,32.41
10/04/2022,00:00:00,62.09,32.38
11/04/2022,00:00:00,62.10,32.38
12/04/2022,00:00:00,62.08,32.40
13/04/2022,00:00:00,62.08,32.40
14/04/2022,00:00:00,62.10,32.38
15/04/2022,00:00:00,62.10,32.38
16/04/2022,00:00:00,62.11,32.36
17/04/2022,00:00:00,62.14,32.34
18/04/2022,00:00:00,62.18,32.30
19/04/2022,00:00:00,62.13,32.34
20/04/2022,00:00:00,62.11,32.37
21/04/2022,00:00:00,62.11,32.37
22/04/2022,00:00:00,62.12,32.36
23/04/2022,00:00:00,62.14,32.34
24/04/2022,00:00:00,62.15,32.33
25/04/2022,00:00:00,62.14,32.34
26/04/2022,00:00:00,62.14,32.34
27/04/2022,00:00:00,62.14,32.34
28/04/2022,00:00:00,62.13,32.35
29/04/2022,00:00:00,62.14,32.34
30/04/2022,00:00:00,62.13,32.35
01/05/2022,00:00:00,62.12,32.36
02/05/2022,00:00:00,62.13,32.35
03/05/2022,00:00:00,62.15,32.33
04/05/2022,00:00:00,62.13,32.35
05/05/2022,00:00:00,62.11,32.37
06/05/2022,00:00:00,62.10,32.38
07/05/2022,00:00:00,62.11,32.37
08/05/2022,00:00:00,62.12,32.36
09/05/2022,00:00:00,62.12,32.36
10/05/2022,00:00:00,62.11,32.37
11/05/2022,00:00:00,62.11,32.37
12/05/2022,00:00:00,62.10,32.38
13/05/2022,00:00:00,62.10,32.38
14/05/2022,00:00:00,62.11,32.37
15/05/2022,00:00:00,62.11,32.37
16/05/2022,00:00:00,62.10,32.38
17/05/2022,00:00:00,62.10,32.38
18/05/2022,00:00:00,62.10,32.38
19/05/2022,00:00:00,62.11,32.37
20/05/2022,00:00:00,62.07,32.41
21/05/2022,00:00:00,62.07,32.41
22/05/2022,00:00:00,62.08,32.40
23/05/2022,00:00:00,62.10,32.38
24/05/2022,00:00:00,62.09,32.38
25/05/2022,00:00:00,62.08,32.40
26/05/2022,00:00:00,62.06,32.42
27/05/2022,00:00:00,62.06,32.42
28/05/2022,00:00:00,62.07,32.41
29/05/2022,00:00:00,62.08,32.40
30/05/2022,00:00:00,62.08,32.40
31/05/2022,00:00:00,62.05,32.42
01/06/2022,00:00:00,62.05,32.43
02/06/2022,00:00:00,62.05,32.43
03/06/2022,00:00:00,62.05,32.43
04/06/2022,00:00:00,62.05,32.43
05/06/2022,00:00:00,62.04,32.44
06/06/2022,00:00:00,62.04,32.44
07/06/2022,00:00:00,62.04,32.44
08/06/2022,00:00:00,62.04,32.44
09/06/2022,00:00:00,62.03,32.44
10/06/2022,00:00:00,62.03,32.45
11/06/2022,00:00:00,62.04,32.44
12/06/2022,00:00:00,62.03,32.45
13/06/2022,00:00:00,62.01,32.47
14/06/2022,00:00:00,62.01,32.47
15/06/2022,00:00:00,62.00,32.48
16/06/2022,00:00:00,61.99,32.49
17/06/2022,00:00:00,61.99,32.49
18/06/2022,00:00:00,61.98,32.50
19/06/2022,00:00:00,61.99,32.49
20/06/2022,00:00:00,61.98,32.50
21/06/2022,00:00:00,61.98,32.50
22/06/2022,00:00:00,61.98,32.50
23/06/2022,00:00:00,61.98,32.50
24/06/2022,00:00:00,61.97,32.51
25/06/2022,00:00:00,61.96,32.52
26/06/2022,00:00:00,61.95,32.53
27/06/2022,00:00:00,61.95,32.53
28/06/2022,00:00:00,61.95,32.53
29/06/2022,00:00:00,61.95,32.53
30/06/2022,00:00:00,61.95,32.53
01/07/2022,00:00:00,61.96,32.52
02/07/2022,00:00:00,61.95,32.52
03/07/2022,00:00:00,61.95,32.53
04/07/2022,00:00:00,61.94,32.54
05/07/2022,00:00:00,61.94,32.54
06/07/2022,00:00:00,61.93,32.55
07/07/2022,00:00:00,61.93,32.55
08/07/2022,00:00:00,61.92,32.56
09/07/2022,00:00:00,61.92,32.56
10/07/2022,00:00:00,61.93,32.55
11/07/2022,00:00:00,61.92,32.56
12/07/2022,00:00:00,61.91,32.57
13/07/2022,00:00:00,61.90,32.58
14/07/2022,00:00:00,61.90,32.58
15/07/2022,00:00:00,61.90,32.58
16/07/2022,00:00:00,61.90,32.58
17/07/2022,00:00:00,61.89,32.59
18/07/2022,00:00:00,61.88,32.60
19/07/2022,00:00:00,61.87,32.61
20/07/2022,00:00:00,61.87,32.61
21/07/2022,00:00:00,61.86,32.61
22/07/2022,00:00:00,61.87,32.61
23/07/2022,00:00:00,61.86,32.62
24/07/2022,00:00:00,61.85,32.63
25/07/2022,00:00:00,61.85,32.63
26/07/2022,00:00:00,61.85,32.63
27/07/2022,00:00:00,61.84,32.64
28/07/2022,00:00:00,61.84,32.64
29/07/2022,00:00:00,61.83,32.65
30/07/2022,00:00:00,61.81,32.67
31/07/2022,00:00:00,61.81,32.67
01/08/2022,00:00:00,61.81,32.66
02/08/2022,00:00:00,61.81,32.67
03/08/2022,00:00:00,61.80,32.68
04/08/2022,00:00:00,61.79,32.69
05/08/2022,00:00:00,61.77,32.71
06/08/2022,00:00:00,61.77,32.71
07/08/2022,00:00:00,61.77,32.71
08/08/2022,00:00:00,61.76,32.71
09/08/2022,00:00:00,61.75,32.72
10/08/2022,00:00:00,61.75,32.73
11/08/2022,00:00:00,61.75,32.73
12/08/2022,00:00:00,61.81,32.67
13/08/2022,00:00:00,61.81,32.67
14/08/2022,00:00:00,61.84,32.64
15/08/2022,00:00:00,61.84,32.64
16/08/2022,00:00:00,61.84,32.64
17/08/2022,00:00:00,61.83,32.65
18/08/2022,00:00:00,61.85,32.63
19/08/2022,00:00:00,61.85,32.63
20/08/2022,00:00:00,61.84,32.63
21/08/2022,00:00:00,61.85,32.63
22/08/2022,00:00:00,61.86,32.62
23/08/2022,00:00:00,61.84,32.64
24/08/2022,00:00:00,61.83,32.65
25/08/2022,00:00:00,61.83,32.65
26/08/2022,00:00:00,61.83,32.65
27/08/2022,00:00:00,61.83,32.65
28/08/2022,00:00:00,61.82,32.66
29/08/2022,00:00:00,61.82,32.66
30/08/2022,00:00:00,61.82,32.66
31/08/2022,00:00:00,61.82,32.66
01/09/2022,00:00:00,61.83,32.65
02/09/2022,00:00:00,61.83,32.65
03/09/2022,00:00:00,61.82,32.66
04/09/2022,00:00:00,61.81,32.67
05/09/2022,00:00:00,61.80,32.68
06/09/2022,00:00:00,61.80,32.67
07/09/2022,00:00:00,61.80,32.68
08/09/2022,00:00:00,61.80,32.68
09/09/2022,00:00:00,61.80,32.68
10/09/2022,00:00:00,61.79,32.69
11/09/2022,00:00:00,61.80,32.68
12/09/2022,00:00:00,61.80,32.68
13/09/2022,00:00:00,61.80,32.68
14/09/2022,00:00:00,61.79,32.69
15/09/2022,00:00:00,61.77,32.71
16/09/2022,00:00:00,61.77,32.71
17/09/2022,00:00:00,61.78,32.70
18/09/2022,00:00:00,61.79,32.69
19/09/2022,00:00:00,61.77,32.71
20/09/2022,00:00:00,61.76,32.72
21/09/2022,00:00:00,61.76,32.72
22/09/2022,00:00:00,61.76,32.72
23/09/2022,00:00:00,61.74,32.74
24/09/2022,00:00:00,61.74,32.74
25/09/2022,00:00:00,61.72,32.76
26/09/2022,00:00:00,61.73,32.75
27/09/2022,00:00:00,61.73,32.75
28/09/2022,00:00:00,61.74,32.74
29/09/2022,00:00:00,61.73,32.75
30/09/2022,00:00:00,61.72,32.76
01/10/2022,00:00:00,61.70,32.78
02/10/2022,00:00:00,61.69,32.79
03/10/2022,00:00:00,61.71,32.77
04/10/2022,00:00:00,61.71,32.77
05/10/2022,00:00:00,61.69,32.79
06/10/2022,00:00:00,61.66,32.82
07/10/2022,00:00:00,61.67,32.81
08/10/2022,00:00:00,61.68,32.80
09/10/2022,00:00:00,61.67,32.81
10/10/2022,00:00:00,61.66,32.82
11/10/2022,00:00:00,61.65,32.83
12/10/2022,00:00:00,61.65,32.83
13/10/2022,00:00:00,61.65,32.83
14/10/2022,00:00:00,61.64,32.84
15/10/2022,00:00:00,61.66,32.82
16/10/2022,00:00:00,61.66,32.82
17/10/2022,00:00:00,61.61,32.86
18/10/2022,00:00:00,61.60,32.88
19/10/2022,00:00:00,61.62,32.86
20/10/2022,00:00:00,61.62,32.86
21/10/2022,00:00:00,61.61,32.87
22/10/2022,00:00:00,61.59,32.89
23/10/2022,00:00:00,61.59,32.89
24/10/2022,00:00:00,61.59,32.89
25/10/2022,00:00:00,61.59,32.89
26/10/2022,00:00:00,61.59,32.89
27/10/2022,00:00:00,61.59,32.89
28/10/2022,00:00:00,61.58,32.90
29/10/2022,00:00:00,61.58,32.90
30/10/2022,00:00:00,61.58,32.90
31/10/2022,00:00:00,61.58,32.90
01/11/2022,00:00:00,61.57,32.91
02/11/2022,00:00:00,61.56,32.92
03/11/2022,00:00:00,61.56,32.92
04/11/2022,00:00:00,61.56,32.92
05/11/2022,00:00:00,61.56,32.92
06/11/2022,00:00:00,61.56,32.92
07/11/2022,00:00:00,61.56,32.92
08/11/2022,00:00:00,61.53,32.95
09/11/2022,00:00:00,61.52,32.96
10/11/2022,00:00:00,61.52,32.96
11/11/2022,00:00:00,61.51,32.97
12/11/2022,00:00:00,61.50,32.97
13/11/2022,00:00:00,61.51,32.97
14/11/2022,00:00:00,61.49,32.98
15/11/2022,00:00:00,61.50,32.98
16/11/2022,00:00:00,61.50,32.98
17/11/2022,00:00:00,61.51,32.97
18/11/2022,00:00:00,61.50,32.98
19/11/2022,00:00:00,61.49,32.99
20/11/2022,00:00:00,61.46,33.01
21/11/2022,00:00:00,61.47,33.01
22/11/2022,00:00:00,61.47,33.01
23/11/2022,00:00:00,61.46,33.02
24/11/2022,00:00:00,61.47,33.00
25/11/2022,00:00:00,61.46,33.02
26/11/2022,00:00:00,61.43,33.05
27/11/2022,00:00:00,61.42,33.06
28/11/2022,00:00:00,61.44,33.04
29/11/2022,00:00:00,61.44,33.04
30/11/2022,00:00:00,61.43,33.04
01/12/2022,00:00:00,61.44,33.04
02/12/2022,00:00:00,61.42,33.06
03/12/2022,00:00:00,61.41,33.07
04/12/2022,00:00:00,61.41,33.07
05/12/2022,00:00:00,61.41,33.07
06/12/2022,00:00:00,61.41,33.07
07/12/2022,00:00:00,61.42,33.06
08/12/2022,00:00:00,61.43,33.05
09/12/2022,00:00:00,61.41,33.07
10/12/2022,00:00:00,61.40,33.08
11/12/2022,00:00:00,61.41,33.07
12/12/2022,00:00:00,61.41,33.06
13/12/2022,00:00:00,61.40,33.08
14/12/2022,00:00:00,61.40,33.08
15/12/2022,00:00:00,61.39,33.09
16/12/2022,00:00:00,61.38,33.09
17/12/2022,00:00:00,61.37,33.10
18/12/2022,00:00:00,61.37,33.11
19/12/2022,00:00:00,61.36,33.12
20/12/2022,00:00:00,61.36,33.12
21/12/2022,00:00:00,61.36,33.12
22/12/2022,00:00:00,61.37,33.11
23/12/2022,00:00:00,61.37,33.11
24/12/2022,00:00:00,61.36,33.11
25/12/2022,00:00:00,61.35,33.13
26/12/2022,00:00:00,61.34,33.14
27/12/2022,00:00:00,61.32,33.16
28/12/2022,00:00:00,61.33,33.15
29/12/2022,00:00:00,61.33,33.15
30/12/2022,00:00:00,61.32,33.16
31/12/2022,00:00:00,61.31,33.17
01/01/2023,00:00:00,61.30,33.18
02/01/2023,00:00:00,61.30,33.18
03/01/2023,00:00:00,61.30,33.18
04/01/2023,00:00:00,61.30,33.18
05/01/2023,00:00:00,61.30,33.18
06/01/2023,00:00:00,61.30,33.18
07/01/2023,00:00:00,61.29,33.19
08/01/2023,00:00:00,61.28,33.20
09/01/2023,00:00:00,61.28,33.20
10/01/2023,00:00:00,61.27,33.21
11/01/2023,00:00:00,61.30,33.18
12/01/2023,00:00:00,61.28,33.19
13/01/2023,00:00:00,61.26,33.22
14/01/2023,00:00:00,61.25,33.23
15/01/2023,00:00:00,61.25,33.23
16/01/2023,00:00:00,61.26,33.22
17/01/2023,00:00:00,61.24,33.24
18/01/2023,00:00:00,61.25,33.23
19/01/2023,00:00:00,61.24,33.24
20/01/2023,00:00:00,61.24,33.24
21/01/2023,00:00:00,61.24,33.24
22/01/2023,00:00:00,61.23,33.25
23/01/2023,00:00:00,61.21,33.27
24/01/2023,00:00:00,61.21,33.27
25/01/2023,00:00:00,61.20,33.28
26/01/2023,00:00:00,61.21,33.27
27/01/2023,00:00:00,61.24,33.24
28/01/2023,00:00:00,61.22,33.26
29/01/2023,00:00:00,61.19,33.29
30/01/2023,00:00:00,61.19,33.29
31/01/2023,00:00:00,61.18,33.30
01/02/2023,00:00:00,61.20,33.27
02/02/2023,00:00:00,61.16,33.32
03/02/2023,00:00:00,61.17,33.31
04/02/2023,00:00:00,61.17,33.30
05/02/2023,00:00:00,61.19,33.29
06/02/2023,00:00:00,61.21,33.27
07/02/2023,00:00:00,61.17,33.31
08/02/2023,00:00:00,61.16,33.32
09/02/2023,00:00:00,61.17,33.31
10/02/2023,00:00:00,61.20,33.28
11/02/2023,00:00:00,61.20,33.27
12/02/2023,00:00:00,61.21,33.27
13/02/2023,00:00:00,61.24,33.24
14/02/2023,00:00:00,61.23,33.25
15/02/2023,00:00:00,61.26,33.22
16/02/2023,00:00:00,61.25,33.23
17/02/2023,00:00:00,61.24,33.23
18/02/2023,00:00:00,61.26,33.22
19/02/2023,00:00:00,61.27,33.21
20/02/2023,00:00:00,61.28,33.20
21/02/2023,00:00:00,61.28,33.20
22/02/2023,00:00:00,61.28,33.20
23/02/2023,00:00:00,61.29,33.19
24/02/2023,00:00:00,61.29,33.19
25/02/2023,00:00:00,61.28,33.20
26/02/2023,00:00:00,61.28,33.20
27/02/2023,00:00:00,61.29,33.19
28/02/2023,00:00:00,61.27,33.21
01/03/2023,00:00:00,61.28,33.20
02/03/2023,00:00:00,61.26,33.22
03/03/2023,00:00:00,61.26,33.22
04/03/2023,00:00:00,61.25,33.23
05/03/2023,00:00:00,61.24,33.23
06/03/2023,00:00:00,61.25,33.23
07/03/2023,00:00:00,61.23,33.24
08/03/2023,00:00:00,61.24,33.24
09/03/2023,00:00:00,61.24,33.24
10/03/2023,00:00:00,61.22,33.26
11/03/2023,00:00:00,61.23,33.25
12/03/2023,00:00:00,61.25,33.23
13/03/2023,00:00:00,61.23,33.25
14/03/2023,00:00:00,61.20,33.28
15/03/2023,00:00:00,61.20,33.28
16/03/2023,00:00:00,61.23,33.25
17/03/2023,00:00:00,61.20,33.28
18/03/2023,00:00:00,61.21,33.27
19/03/2023,00:00:00,61.18,33.30
20/03/2023,00:00:00,61.19,33.29
21/03/2023,00:00:00,61.21,33.27
22/03/2023,00:00:00,61.25,33.23
23/03/2023,00:00:00,61.26,33.22
24/03/2023,00:00:00,61.25,33.23
25/03/2023,00:00:00,61.24,33.24
26/03/2023,00:00:00,61.27,33.21
27/03/2023,00:00:00,61.28,33.20
28/03/2023,00:00:00,61.29,33.19
29/03/2023,00:00:00,61.27,33.21
30/03/2023,00:00:00,61.24,33.24
31/03/2023,00:00:00,61.26,33.22
01/04/2023,00:00:00,61.29,33.19
02/04/2023,00:00:00,61.31,33.17
03/04/2023,00:00:00,61.31,33.17
04/04/2023,00:00:00,61.33,33.15
05/04/2023,00:00:00,61.30,33.18
06/04/2023,00:00:00,61.27,33.21
07/04/2023,00:00:00,61.29,33.19
08/04/2023,00:00:00,61.28,33.20
09/04/2023,00:00:00,61.28,33.20
10/04/2023,00:00:00,61.27,33.21
11/04/2023,00:00:00,61.29,33.19
12/04/2023,00:00:00,61.29,33.19
13/04/2023,00:00:00,61.29,33.19
14/04/2023,00:00:00,61.27,33.21
15/04/2023,00:00:00,61.28,33.20
16/04/2023,00:00:00,61.27,33.21
17/04/2023,00:00:00,61.28,33.20
18/04/2023,00:00:00,61.29,33.19
19/04/2023,00:00:00,61.27,33.21
20/04/2023,00:00:00,61.27,33.21
21/04/2023,00:00:00,61.27,33.21
22/04/2023,00:00:00,61.27,33.21
23/04/2023,00:00:00,61.26,33.22
24/04/2023,00:00:00,61.25,33.23
25/04/2023,00:00:00,61.25,33.23
26/04/2023,00:00:00,61.26,33.22
27/04/2023,00:00:00,61.27,33.21
28/04/2023,00:00:00,61.24,33.24
29/04/2023,00:00:00,61.23,33.25
30/04/2023,00:00:00,61.24,33.24
01/05/2023,00:00:00,61.24,33.24
02/05/2023,00:00:00,61.22,33.26
03/05/2023,00:00:00,61.22,33.25
04/05/2023,00:00:00,61.22,33.26
05/05/2023,00:00:00,61.22,33.25
06/05/2023,00:00:00,61.23,33.25
07/05/2023,00:00:00,61.21,33.27
08/05/2023,00:00:00,61.20,33.28
09/05/2023,00:00:00,61.20,33.28
10/05/2023,00:00:00,61.21,33.27
11/05/2023,00:00:00,61.20,33.28
12/05/2023,00:00:00,61.19,33.29
13/05/2023,00:00:00,61.18,33.30
14/05/2023,00:00:00,61.18,33.30
15/05/2023,00:00:00,61.18,33.30
16/05/2023,00:00:00,61.20,33.27
17/05/2023,00:00:00,61.20,33.28
18/05/2023,00:00:00,61.18,33.30
19/05/2023,00:00:00,61.17,33.31
20/05/2023,00:00:00,61.17,33.31
21/05/2023,00:00:00,61.17,33.30
22/05/2023,00:00:00,61.19,33.29
23/05/2023,00:00:00,61.16,33.31
24/05/2023,00:00:00,61.15,33.33
25/05/2023,00:00:00,61.15,33.33
26/05/2023,00:00:00,61.15,33.33
27/05/2023,00:00:00,61.15,33.33
28/05/2023,00:00:00,61.14,33.33
29/05/2023,00:00:00,61.14,33.34
30/05/2023,00:00:00,61.13,33.35
31/05/2023,00:00:00,61.12,33.36
01/06/2023,00:00:00,61.12,33.36
02/06/2023,00:00:00,61.12,33.35
03/06/2023,00:00:00,61.12,33.36
04/06/2023,00:00:00,61.11,33.37
05/06/2023,00:00:00,61.10,33.38
06/06/2023,00:00:00,61.10,33.38
07/06/2023,00:00:00,61.10,33.38
08/06/2023,00:00:00,61.10,33.38
09/06/2023,00:00:00,61.10,33.38
10/06/2023,00:00:00,61.09,33.39
11/06/2023,00:00:00,61.09,33.39
12/06/2023,00:00:00,61.09,33.39
13/06/2023,00:00:00,61.08,33.39
14/06/2023,00:00:00,61.08,33.40
15/06/2023,00:00:00,61.06,33.41
16/06/2023,00:00:00,61.07,33.41
17/06/2023,00:00:00,61.08,33.40
18/06/2023,00:00:00,61.06,33.42
19/06/2023,00:00:00,61.05,33.43
20/06/2023,00:00:00,61.04,33.44
21/06/2023,00:00:00,61.04,33.44
22/06/2023,00:00:00,61.04,33.44
23/06/2023,00:00:00,61.04,33.44
24/06/2023,00:00:00,61.04,33.44
25/06/2023,00:00:00,61.04,33.44
26/06/2023,00:00:00,61.04,33.44
27/06/2023,00:00:00,61.03,33.44
28/06/2023,00:00:00,61.02,33.46
29/06/2023,00:00:00,61.02,33.46
30/06/2023,00:00:00,61.01,33.47
01/07/2023,00:00:00,61.01,33.47
02/07/2023,00:00:00,61.01,33.47
03/07/2023,00:00:00,61.01,33.47
04/07/2023,00:00:00,61.00,33.48
05/07/2023,00:00:00,60.99,33.49
06/07/2023,00:00:00,60.99,33.48
07/07/2023,00:00:00,60.99,33.49
08/07/2023,00:00:00,60.97,33.50
09/07/2023,00:00:00,60.97,33.51
10/07/2023,00:00:00,60.96,33.52
11/07/2023,00:00:00,60.96,33.52
12/07/2023,00:00:00,60.96,33.52
13/07/2023,00:00:00,60.95,33.53
14/07/2023,00:00:00,60.95,33.53
15/07/2023,00:00:00,60.96,33.52
16/07/2023,00:00:00,60.95,33.53
17/07/2023,00:00:00,60.94,33.54
18/07/2023,00:00:00,60.94,33.54
19/07/2023,00:00:00,60.94,33.54
20/07/2023,00:00:00,60.94,33.54
21/07/2023,00:00:00,60.94,33.54
22/07/2023,00:00:00,60.92,33.56
23/07/2023,00:00:00,60.91,33.56
24/07/2023,00:00:00,60.92,33.56
25/07/2023,00:00:00,60.91,33.56
26/07/2023,00:00:00,60.91,33.56
27/07/2023,00:00:00,60.92,33.56
28/07/2023,00:00:00,60.90,33.58
29/07/2023,00:00:00,60.89,33.59
30/07/2023,00:00:00,60.90,33.58
31/07/2023,00:00:00,60.89,33.59
01/08/2023,00:00:00,60.89,33.58
02/08/2023,00:00:00,60.88,33.60
03/08/2023,00:00:00,60.88,33.60
04/08/2023,00:00:00,60.87,33.61
05/08/2023,00:00:00,60.87,33.61
06/08/2023,00:00:00,60.87,33.61
07/08/2023,00:00:00,60.86,33.62
08/08/2023,00:00:00,60.85,33.62
09/08/2023,00:00:00,60.85,33.62
10/08/2023,00:00:00,60.84,33.64
11/08/2023,00:00:00,60.84,33.64
12/08/2023,00:00:00,60.83,33.65
13/08/2023,00:00:00,60.84,33.64
14/08/2023,00:00:00,60.84,33.64
15/08/2023,00:00:00,60.83,33.65
16/08/2023,00:00:00,60.83,33.65
17/08/2023,00:00:00,60.83,33.65
18/08/2023,00:00:00,60.83,33.65
19/08/2023,00:00:00,60.82,33.66
20/08/2023,00:00:00,60.82,33.66
21/08/2023,00:00:00,60.81,33.66
22/08/2023,00:00:00,60.81,33.67
23/08/2023,00:00:00,60.81,33.67
24/08/2023,00:00:00,60.80,33.68
25/08/2023,00:00:00,60.80,33.68
26/08/2023,00:00:00,60.80,33.68
27/08/2023,00:00:00,60.80,33.68
28/08/2023,00:00:00,60.80,33.68
29/08/2023,00:00:00,60.80,33.68
30/08/2023,00:00:00,60.80,33.68
31/08/2023,00:00:00,60.78,33.69
01/09/2023,00:00:00,60.77,33.71
02/09/2023,00:00:00,60.77,33.70
03/09/2023,00:00:00,60.77,33.71
04/09/2023,00:00:00,60.77,33.70
05/09/2023,00:00:00,60.79,33.69
06/09/2023,00:00:00,60.79,33.69
07/09/2023,00:00:00,60.77,33.71
08/09/2023,00:00:00,60.77,33.71
09/09/2023,00:00:00,60.76,33.72
10/09/2023,00:00:00,60.76,33.72
11/09/2023,00:00:00,60.76,33.72
12/09/2023,00:00:00,60.76,33.72
13/09/2023,00:00:00,60.74,33.74
14/09/2023,00:00:00,60.74,33.74
15/09/2023,00:00:00,60.75,33.73
16/09/2023,00:00:00,60.74,33.74
17/09/2023,00:00:00,60.74,33.74
18/09/2023,00:00:00,60.74,33.74
19/09/2023,00:00:00,60.74,33.74
20/09/2023,00:00:00,60.73,33.75
21/09/2023,00:00:00,60.73,33.75
22/09/2023,00:00:00,60.73,33.75
23/09/2023,00:00:00,60.72,33.75
24/09/2023,00:00:00,60.73,33.75
25/09/2023,00:00:00,60.73,33.75
26/09/2023,00:00:00,60.73,33.75
27/09/2023,00:00:00,60.72,33.76
28/09/2023,00:00:00,60.72,33.76
29/09/2023,00:00:00,60.71,33.77
30/09/2023,00:00:00,60.70,33.78
01/10/2023,00:00:00,60.70,33.77
02/10/2023,00:00:00,60.70,33.78
03/10/2023,00:00:00,60.70,33.78
04/10/2023,00:00:00,60.69,33.79
05/10/2023,00:00:00,60.69,33.79
06/10/2023,00:00:00,60.69,33.79
07/10/2023,00:00:00,60.70,33.78
08/10/2023,00:00:00,60.70,33.78
09/10/2023,00:00:00,60.70,33.78
10/10/2023,00:00:00,60.69,33.79
11/10/2023,00:00:00,60.69,33.79
12/10/2023,00:00:00,60.69,33.79
13/10/2023,00:00:00,60.69,33.79
14/10/2023,00:00:00,60.69,33.79
15/10/2023,00:00:00,60.70,33.78
16/10/2023,00:00:00,60.70,33.77
17/10/2023,00:00:00,60.70,33.78
18/10/2023,00:00:00,60.68,33.80
19/10/2023,00:00:00,60.69,33.79
20/10/2023,00:00:00,60.68,33.80
21/10/2023,00:00:00,60.68,33.80
22/10/2023,00:00:00,60.68,33.80
23/10/2023,00:00:00,60.68,33.80
24/10/2023,00:00:00,60.68,33.80
25/10/2023,00:00:00,60.68,33.80
26/10/2023,00:00:00,60.68,33.80
27/10/2023,00:00:00,60.69,33.79
28/10/2023,00:00:00,60.68,33.80
29/10/2023,00:00:00,60.67,33.81
30/10/2023,00:00:00,60.67,33.81
31/10/2023,00:00:00,60.66,33.82
01/11/2023,00:00:00,60.66,33.81
02/11/2023,00:00:00,60.67,33.81
03/11/2023,00:00:00,60.68,33.80
04/11/2023,00:00:00,60.68,33.80
05/11/2023,00:00:00,60.68,33.80
06/11/2023,00:00:00,60.66,33.82
07/11/2023,00:00:00,60.65,33.83
08/11/2023,00:00:00,60.65,33.83
09/11/2023,00:00:00,60.66,33.82
10/11/2023,00:00:00,60.66,33.82
11/11/2023,00:00:00,60.66,33.82
12/11/2023,00:00:00,60.67,33.81
13/11/2023,00:00:00,60.65,33.83
14/11/2023,00:00:00,60.66,33.82
15/11/2023,00:00:00,60.65,33.83
16/11/2023,00:00:00,60.66,33.82
17/11/2023,00:00:00,60.65,33.83
18/11/2023,00:00:00,60.65,33.83
19/11/2023,00:00:00,60.67,33.81
20/11/2023,00:00:00,60.64,33.84
21/11/2023,00:00:00,60.65,33.83
22/11/2023,00:00:00,60.65,33.83
23/11/2023,00:00:00,60.66,33.82
24/11/2023,00:00:00,60.64,33.84
25/11/2023,00:00:00,60.67,33.81
26/11/2023,00:00:00,60.70,33.78
27/11/2023,00:00:00,60.64,33.84
28/11/2023,00:00:00,60.61,33.86
29/11/2023,00:00:00,60.66,33.82
30/11/2023,00:00:00,60.65,33.82
01/12/2023,00:00:00,60.63,33.85
02/12/2023,00:00:00,60.63,33.85
03/12/2023,00:00:00,60.64,33.83
04/12/2023,00:00:00,60.65,33.83
05/12/2023,00:00:00,60.64,33.84
06/12/2023,00:00:00,60.64,33.84
07/12/2023,00:00:00,60.65,33.83
08/12/2023,00:00:00,60.64,33.84
09/12/2023,00:00:00,60.65,33.83
10/12/2023,00:00:00,60.64,33.84
11/12/2023,00:00:00,60.64,33.84
12/12/2023,00:00:00,60.64,33.84
13/12/2023,00:00:00,60.63,33.85
14/12/2023,00:00:00,60.64,33.84
15/12/2023,00:00:00,60.64,33.84
16/12/2023,00:00:00,60.64,33.84
17/12/2023,00:00:00,60.62,33.86
18/12/2023,00:00:00,60.59,33.89
19/12/2023,00:00:00,60.62,33.86
20/12/2023,00:00:00,60.63,33.85
21/12/2023,00:00:00,60.65,33.83
22/12/2023,00:00:00,60.67,33.81
23/12/2023,00:00:00,60.66,33.82
24/12/2023,00:00:00,60.63,33.85
25/12/2023,00:00:00,60.62,33.86
26/12/2023,00:00:00,60.62,33.86
27/12/2023,00:00:00,60.62,33.86
28/12/2023,00:00:00,60.61,33.87
29/12/2023,00:00:00,60.60,33.87
30/12/2023,00:00:00,60.62,33.86
31/12/2023,00:00:00,60.62,33.86
01/01/2024,00:00:00,60.62,33.86
02/01/2024,00:00:00,60.61,33.87
03/01/2024,00:00:00,60.61,33.87
04/01/2024,00:00:00,60.61,33.87
05/01/2024,00:00:00,60.61,33.87
06/01/2024,00:00:00,60.59,33.89
07/01/2024,00:00:00,60.61,33.87
08/01/2024,00:00:00,60.62,33.86
09/01/2024,00:00:00,60.59,33.89
10/01/2024,00:00:00,60.59,33.89
11/01/2024,00:00:00,60.56,33.92
12/01/2024,00:00:00,60.58,33.90
13/01/2024,00:00:00,60.61,33.87
14/01/2024,00:00:00,60.58,33.90
15/01/2024,00:00:00,60.57,33.90
16/01/2024,00:00:00,60.59,33.89
17/01/2024,00:00:00,60.59,33.89
18/01/2024,00:00:00,60.57,33.91
19/01/2024,00:00:00,60.58,33.89
20/01/2024,00:00:00,60.59,33.89
21/01/2024,00:00:00,60.59,33.89
22/01/2024,00:00:00,60.57,33.91
23/01/2024,00:00:00,60.55,33.93
24/01/2024,00:00:00,60.57,33.91
25/01/2024,00:00:00,60.56,33.92
26/01/2024,00:00:00,60.57,33.91
27/01/2024,00:00:00,60.56,33.92
28/01/2024,00:00:00,60.55,33.93
29/01/2024,00:00:00,60.55,33.93
30/01/2024,00:00:00,60.54,33.93
31/01/2024,00:00:00,60.56,33.92
01/02/2024,00:00:00,60.56,33.92
02/02/2024,00:00:00,60.57,33.91
03/02/2024,00:00:00,60.59,33.89
04/02/2024,00:00:00,60.58,33.90
05/02/2024,00:00:00,60.59,33.89
06/02/2024,00:00:00,60.59,33.89
07/02/2024,00:00:00,60.59,33.89
08/02/2024,00:00:00,60.61,33.87
09/02/2024,00:00:00,60.61,33.86
10/02/2024,00:00:00,60.61,33.87
11/02/2024,00:00:00,60.60,33.87
12/02/2024,00:00:00,60.62,33.86
13/02/2024,00:00:00,60.62,33.86
14/02/2024,00:00:00,60.61,33.87
15/02/2024,00:00:00,60.60,33.88
16/02/2024,00:00:00,60.59,33.89
17/02/2024,00:00:00,60.58,33.90
18/02/2024,00:00:00,60.56,33.92
19/02/2024,00:00:00,60.56,33.92
20/02/2024,00:00:00,60.57,33.91
21/02/2024,00:00:00,60.58,33.90
22/02/2024,00:00:00,60.57,33.91
23/02/2024,00:00:00,60.57,33.91
24/02/2024,00:00:00,60.56,33.91
25/02/2024,00:00:00,60.56,33.92
26/02/2024,00:00:00,60.58,33.89
27/02/2024,00:00:00,60.57,33.91
28/02/2024,00:00:00,60.54,33.94
29/02/2024,00:00:00,60.55,33.93
01/03/2024,00:00:00,60.56,33.92
02/03/2024,00:00:00,60.56,33.91
03/03/2024,00:00:00,60.53,33.95
04/03/2024,00:00:00,60.54,33.94
05/03/2024,00:00:00,60.55,33.93
06/03/2024,00:00:00,60.57,33.91
07/03/2024,00:00:00,60.53,33.95
08/03/2024,00:00:00,60.53,33.95
09/03/2024,00:00:00,60.53,33.95
10/03/2024,00:00:00,60.52,33.96
11/03/2024,00:00:00,60.52,33.96
12/03/2024,00:00:00,60.52,33.95
13/03/2024,00:00:00,60.53,33.95
14/03/2024,00:00:00,60.52,33.96
15/03/2024,00:00:00,60.51,33.96
16/03/2024,00:00:00,60.51,33.97
17/03/2024,00:00:00,60.51,33.97
18/03/2024,00:00:00,60.51,33.97
19/03/2024,00:00:00,60.51,33.97
20/03/2024,00:00:00,60.51,33.97
21/03/2024,00:00:00,60.51,33.97
22/03/2024,00:00:00,60.49,33.99
23/03/2024,00:00:00,60.51,33.97
24/03/2024,00:00:00,60.50,33.98
25/03/2024,00:00:00,60.50,33.98
26/03/2024,00:00:00,60.50,33.98
27/03/2024,00:00:00,60.49,33.99
28/03/2024,00:00:00,60.50,33.98
29/03/2024,00:00:00,60.48,34.00
30/03/2024,00:00:00,60.47,34.01
31/03/2024,00:00:00,60.47,34.01
01/04/2024,00:00:00,60.47,34.01
02/04/2024,00:00:00,60.47,34.01
03/04/2024,00:00:00,60.48,34.00
04/04/2024,00:00:00,60.47,34.01
05/04/2024,00:00:00,60.47,34.01
06/04/2024,00:00:00,60.46,34.02
07/04/2024,00:00:00,60.46,34.02
08/04/2024,00:00:00,60.48,34.00
09/04/2024,00:00:00,60.46,34.02
10/04/2024,00:00:00,60.46,34.02
11/04/2024,00:00:00,60.46,34.02
12/04/2024,00:00:00,60.45,34.03
13/04/2024,00:00:00,60.45,34.03
14/04/2024,00:00:00,60.45,34.03
15/04/2024,00:00:00,60.45,34.03
16/04/2024,00:00:00,60.45,34.03
17/04/2024,00:00:00,60.47,34.01
18/04/2024,00:00:00,60.49,33.99
19/04/2024,00:00:00,60.44,34.04
20/04/2024,00:00:00,60.45,34.03
21/04/2024,00:00:00,60.44,34.04
22/04/2024,00:00:00,60.43,34.05
23/04/2024,00:00:00,60.44,34.04
24/04/2024,00:00:00,60.46,34.02
25/04/2024,00:00:00,60.44,34.04
26/04/2024,00:00:00,60.43,34.04
27/04/2024,00:00:00,60.42,34.06
28/04/2024,00:00:00,60.42,34.05
29/04/2024,00:00:00,60.42,34.06
30/04/2024,00:00:00,60.42,34.06
01/05/2024,00:00:00,60.42,34.05
02/05/2024,00:00:00,60.43,34.05
03/05/2024,00:00:00,60.43,34.04
04/05/2024,00:00:00,60.43,34.05
05/05/2024,00:00:00,60.43,34.05
06/05/2024,00:00:00,60.41,34.07
07/05/2024,00:00:00,60.41,34.07
08/05/2024,00:00:00,60.42,34.06
09/05/2024,00:00:00,60.42,34.06
10/05/2024,00:00:00,60.43,34.05
11/05/2024,00:00:00,60.43,34.05
12/05/2024,00:00:00,60.40,34.08
13/05/2024,00:00:00,60.40,34.08
14/05/2024,00:00:00,60.41,34.07
15/05/2024,00:00:00,60.40,34.07
16/05/2024,00:00:00,60.40,34.08
17/05/2024,00:00:00,60.40,34.08
18/05/2024,00:00:00,60.40,34.08
19/05/2024,00:00:00,60.40,34.08
20/05/2024,00:00:00,60.41,34.07
21/05/2024,00:00:00,60.40,34.08
22/05/2024,00:00:00,60.39,34.09
23/05/2024,00:00:00,60.40,34.08
24/05/2024,00:00:00,60.39,34.09
25/05/2024,00:00:00,60.38,34.10
26/05/2024,00:00:00,60.39,34.09
27/05/2024,00:00:00,60.38,34.09
28/05/2024,00:00:00,60.38,34.10
29/05/2024,00:00:00,60.38,34.10
30/05/2024,00:00:00,60.38,34.10
31/05/2024,00:00:00,60.38,34.10
01/06/2024,00:00:00,60.37,34.11
02/06/2024,00:00:00,60.36,34.12
03/06/2024,00:00:00,60.37,34.11
04/06/2024,00:00:00,60.37,34.11
05/06/2024,00:00:00,60.37,34.11
06/06/2024,00:00:00,60.36,34.12
07/06/2024,00:00:00,60.36,34.12
08/06/2024,00:00:00,60.36,34.12
09/06/2024,00:00:00,60.35,34.12
10/06/2024,00:00:00,60.35,34.13
11/06/2024,00:00:00,60.35,34.13
12/06/2024,00:00:00,60.34,34.13
13/06/2024,00:00:00,60.34,34.14
14/06/2024,00:00:00,60.34,34.14
15/06/2024,00:00:00,60.34,34.14
16/06/2024,00:00:00,60.34,34.14
17/06/2024,00:00:00,60.33,34.15
18/06/2024,00:00:00,60.32,34.15
19/06/2024,00:00:00,60.32,34.16
20/06/2024,00:00:00,60.32,34.16
21/06/2024,00:00:00,60.32,34.16
22/06/2024,00:00:00,60.32,34.16
23/06/2024,00:00:00,60.32,34.15
24/06/2024,00:00:00,60.32,34.16
25/06/2024,00:00:00,60.31,34.17
26/06/2024,00:00:00,60.30,34.18
27/06/2024,00:00:00,60.31,34.17
28/06/2024,00:00:00,60.31,34.17
29/06/2024,00:00:00,60.30,34.18
30/06/2024,00:00:00,60.30,34.18
01/07/2024,00:00:00,60.29,34.19
02/07/2024,00:00:00,60.29,34.18
03/07/2024,00:00:00,60.31,34.17
04/07/2024,00:00:00,60.30,34.18
05/07/2024,00:00:00,60.28,34.20
06/07/2024,00:00:00,60.27,34.21
07/07/2024,00:00:00,60.27,34.20
08/07/2024,00:00:00,60.28,34.20
09/07/2024,00:00:00,60.27,34.21
10/07/2024,00:00:00,60.27,34.21
11/07/2024,00:00:00,60.27,34.21
12/07/2024,00:00:00,60.26,34.22
13/07/2024,00:00:00,60.26,34.22
14/07/2024,00:00:00,60.26,34.22
15/07/2024,00:00:00,60.26,34.22
16/07/2024,00:00:00,60.25,34.23
17/07/2024,00:00:00,60.25,34.23
18/07/2024,00:00:00,60.25,34.23
19/07/2024,00:00:00,60.24,34.23
20/07/2024,00:00:00,60.25,34.23
21/07/2024,00:00:00,60.24,34.23
22/07/2024,00:00:00,60.24,34.24
23/07/2024,00:00:00,60.23,34.24
24/07/2024,00:00:00,60.23,34.25
25/07/2024,00:00:00,60.23,34.25
26/07/2024,00:00:00,60.23,34.25
27/07/2024,00:00:00,60.22,34.26
28/07/2024,00:00:00,60.21,34.27
29/07/2024,00:00:00,60.21,34.27
30/07/2024,00:00:00,60.22,34.26
31/07/2024,00:00:00,60.21,34.26
01/08/2024,00:00:00,60.20,34.28
02/08/2024,00:00:00,60.21,34.27
03/08/2024,00:00:00,60.21,34.27
04/08/2024,00:00:00,60.20,34.27
05/08/2024,00:00:00,60.20,34.28
06/08/2024,00:00:00,60.19,34.29
07/08/2024,00:00:00,60.19,34.29
08/08/2024,00:00:00,60.18,34.30
09/08/2024,00:00:00,60.18,34.30
10/08/2024,00:00:00,60.18,34.30
11/08/2024,00:00:00,60.17,34.31
12/08/2024,00:00:00,60.17,34.31
13/08/2024,00:00:00,60.18,34.30
14/08/2024,00:00:00,60.17,34.31
15/08/2024,00:00:00,60.17,34.31
16/08/2024,00:00:00,60.16,34.32
17/08/2024,00:00:00,60.16,34.32
18/08/2024,00:00:00,60.16,34.32
19/08/2024,00:00:00,60.16,34.32
20/08/2024,00:00:00,60.15,34.33
21/08/2024,00:00:00,60.15,34.33
22/08/2024,00:00:00,60.15,34.33
23/08/2024,00:00:00,60.14,34.34
24/08/2024,00:00:00,60.13,34.35
25/08/2024,00:00:00,60.13,34.35
26/08/2024,00:00:00,60.14,34.34
27/08/2024,00:00:00,60.13,34.35
28/08/2024,00:00:00,60.12,34.36
29/08/2024,00:00:00,60.12,34.36
30/08/2024,00:00:00,60.12,34.36
31/08/2024,00:00:00,60.12,34.36
01/09/2024,00:00:00,60.12,34.36
02/09/2024,00:00:00,60.12,34.36
03/09/2024,00:00:00,60.11,34.37
04/09/2024,00:00:00,60.10,34.38
05/09/2024,00:00:00,60.11,34.37
06/09/2024,00:00:00,60.11,34.37
07/09/2024,00:00:00,60.10,34.38
08/09/2024,00:00:00,60.10,34.38
09/09/2024,00:00:00,60.09,34.38
10/09/2024,00:00:00,60.10,34.38
11/09/2024,00:00:00,60.11,34.37
12/09/2024,00:00:00,60.09,34.39
13/09/2024,00:00:00,60.08,34.40
14/09/2024,00:00:00,60.08,34.40
15/09/2024,00:00:00,60.08,34.39
16/09/2024,00:00:00,60.08,34.40
17/09/2024,00:00:00,60.08,34.40
18/09/2024,00:00:00,60.07,34.41
19/09/2024,00:00:00,60.08,34.40
20/09/2024,00:00:00,60.08,34.40
21/09/2024,00:00:00,60.07,34.41
22/09/2024,00:00:00,60.07,34.41
23/09/2024,00:00:00,60.07,34.41
24/09/2024,00:00:00,60.08,34.40
25/09/2024,00:00:00,60.08,34.40
26/09/2024,00:00:00,60.08,34.40
27/09/2024,00:00:00,60.09,34.39
28/09/2024,00:00:00,60.09,34.39
29/09/2024,00:00:00,60.10,34.38
30/09/2024,00:00:00,60.10,34.38
01/10/2024,00:00:00,60.10,34.38
02/10/2024,00:00:00,60.10,34.37
03/10/2024,00:00:00,60.10,34.38
04/10/2024,00:00:00,60.10,34.37
05/10/2024,00:00:00,60.11,34.37
06/10/2024,00:00:00,60.12,34.36
07/10/2024,00:00:00,60.13,34.35
08/10/2024,00:00:00,60.12,34.36
09/10/2024,00:00:00,60.13,34.35
10/10/2024,00:00:00,60.14,34.34
11/10/2024,00:00:00,60.16,34.32
12/10/2024,00:00:00,60.16,34.32
13/10/2024,00:00:00,60.16,34.32
14/10/2024,00:00:00,60.16,34.32
15/10/2024,00:00:00,60.17,34.31
16/10/2024,00:00:00,60.18,34.30
17/10/2024,00:00:00,60.18,34.30
18/10/2024,00:00:00,60.19,34.29
19/10/2024,00:00:00,60.20,34.28
20/10/2024,00:00:00,60.21,34.27
21/10/2024,00:00:00,60.20,34.27
22/10/2024,00:00:00,60.21,34.27
23/10/2024,00:00:00,60.22,34.26
24/10/2024,00:00:00,60.23,34.25
25/10/2024,00:00:00,60.24,34.24
26/10/2024,00:00:00,60.25,34.23
27/10/2024,00:00:00,60.25,34.23
28/10/2024,00:00:00,60.25,34.23
29/10/2024,00:00:00,60.26,34.22
30/10/2024,00:00:00,60.27,34.21
31/10/2024,00:00:00,60.27,34.21
01/11/2024,00:00:00,60.27,34.21
02/11/2024,00:00:00,60.27,34.21
03/11/2024,00:00:00,60.28,34.20
04/11/2024,00:00:00,60.27,34.21
05/11/2024,00:00:00,60.27,34.21
06/11/2024,00:00:00,60.27,34.21
07/11/2024,00:00:00,60.27,34.21
08/11/2024,00:00:00,60.27,34.21
09/11/2024,00:00:00,60.28,34.20
10/11/2024,00:00:00,60.29,34.19
11/11/2024,00:00:00,60.28,34.20
12/11/2024,00:00:00,60.28,34.20
13/11/2024,00:00:00,60.28,34.20
14/11/2024,00:00:00,60.27,34.21
15/11/2024,00:00:00,60.28,34.20
16/11/2024,00:00:00,60.29,34.19
17/11/2024,00:00:00,60.28,34.20
18/11/2024,00:00:00,60.28,34.20
19/11/2024,00:00:00,60.28,34.20
20/11/2024,00:00:00,60.27,34.21
21/11/2024,00:00:00,60.28,34.20
22/11/2024,00:00:00,60.28,34.20
23/11/2024,00:00:00,60.26,34.21
24/11/2024,00:00:00,60.25,34.22
25/11/2024,00:00:00,60.22,34.25
26/11/2024,00:00:00,60.25,34.23
27/11/2024,00:00:00,60.25,34.23
28/11/2024,00:00:00,60.25,34.23
29/11/2024,00:00:00,60.24,34.24
30/11/2024,00:00:00,60.25,34.23
01/12/2024,00:00:00,60.26,34.22
02/12/2024,00:00:00,60.25,34.23
03/12/2024,00:00:00,60.25,34.23
04/12/2024,00:00:00,60.24,34.24
05/12/2024,00:00:00,60.24,34.24
06/12/2024,00:00:00,60.24,34.24
07/12/2024,00:00:00,60.23,34.25
08/12/2024,00:00:00,60.24,34.24
09/12/2024,00:00:00,60.24,34.24
10/12/2024,00:00:00,60.22,34.26
11/12/2024,00:00:00,60.22,34.26
12/12/2024,00:00:00,60.21,34.27
13/12/2024,00:00:00,60.21,34.27
